"FTYPE","long","lat","categorization"
"OSM_shopping",144.73229,-37.27641,"FOI_highstreet"
"OSM_shopping",145.24406,-37.86891,"FOI_highstreet"
"OSM_shopping",145.16478,-37.88124,"FOI_highstreet"
"OSM_shopping",145.21826,-37.23795,"FOI_highstreet"
"OSM_shopping",145.14428,-37.89129,"FOI_highstreet"
"OSM_shopping",144.96255,-37.81241,"FOI_highstreet"
"OSM_shopping",144.9436,-37.76462,"FOI_highstreet"
"OSM_shopping",144.97131,-37.77302,"FOI_highstreet"
"OSM_shopping",144.95675,-37.79454,"FOI_highstreet"
"OSM_shopping",144.98436,-37.78325,"FOI_highstreet"
"OSM_shopping",144.97298,-37.78454,"FOI_highstreet"
"OSM_shopping",144.99195,-37.78855,"FOI_highstreet"
"OSM_shopping",144.98824,-37.79949,"FOI_highstreet"
"OSM_shopping",145.12275,-37.91121,"FOI_highstreet"
"OSM_shopping",145.23229,-37.84781,"FOI_highstreet"
"OSM_shopping",145.29529,-37.88361,"FOI_highstreet"
"OSM_shopping",145.35209,-37.90954,"FOI_highstreet"
"OSM_shopping",145.31018,-37.76036,"FOI_highstreet"
"OSM_shopping",145.27478,-37.88421,"FOI_highstreet"
"OSM_shopping",144.34312,-38.11121,"FOI_highstreet"
"OSM_shopping",144.83113,-37.78264,"FOI_highstreet"
"OSM_shopping",144.52447,-38.26774,"FOI_highstreet"
"OSM_shopping",145.23303,-37.84737,"FOI_highstreet"
"OSM_shopping",144.96683,-37.80266,"FOI_highstreet"
"OSM_shopping",145.29529,-37.88354,"FOI_highstreet"
"OSM_shopping",144.9392,-37.72777,"FOI_highstreet"
"OSM_shopping",144.9498,-37.80338,"FOI_highstreet"
"OSM_shopping",144.68173,-37.87507,"FOI_highstreet"
"OSM_shopping",144.96371,-37.80861,"FOI_highstreet"
"OSM_shopping",144.9634,-37.81007,"FOI_highstreet"
"OSM_shopping",144.96665,-37.74188,"FOI_highstreet"
"OSM_shopping",144.95928,-37.7335,"FOI_highstreet"
"OSM_shopping",144.99599,-37.84295,"FOI_highstreet"
"OSM_shopping",144.18915,-38.40451,"FOI_highstreet"
"OSM_shopping",144.96723,-37.80046,"FOI_highstreet"
"OSM_shopping",144.96801,-37.79781,"FOI_highstreet"
"OSM_shopping",144.98371,-37.80316,"FOI_highstreet"
"OSM_shopping",144.97828,-37.85955,"FOI_highstreet"
"OSM_shopping",144.92263,-37.71766,"FOI_highstreet"
"OSM_shopping",144.97511,-37.83658,"FOI_highstreet"
"OSM_shopping",144.97487,-37.83611,"FOI_highstreet"
"OSM_shopping",144.97109,-37.83205,"FOI_highstreet"
"OSM_shopping",145.2503,-37.89441,"FOI_highstreet"
"OSM_shopping",145.12095,-37.71621,"FOI_highstreet"
"OSM_shopping",144.96668,-37.74168,"FOI_highstreet"
"OSM_shopping",145.11226,-37.72754,"FOI_highstreet"
"OSM_shopping",145.23893,-38.44786,"FOI_highstreet"
"OSM_shopping",144.88881,-37.81636,"FOI_highstreet"
"OSM_shopping",145.1512,-37.85325,"FOI_highstreet"
"OSM_shopping",145.16433,-37.87857,"FOI_highstreet"
"OSM_shopping",145.16422,-37.87932,"FOI_highstreet"
"OSM_shopping",145.16426,-37.87903,"FOI_highstreet"
"OSM_shopping",145.16517,-37.87592,"FOI_highstreet"
"OSM_shopping",144.94956,-37.77236,"FOI_highstreet"
"OSM_shopping",144.58206,-37.68311,"FOI_highstreet"
"OSM_shopping",145.3093,-37.80251,"FOI_highstreet"
"OSM_shopping",144.96156,-37.76866,"FOI_highstreet"
"OSM_shopping",144.96121,-37.77346,"FOI_highstreet"
"OSM_shopping",144.96958,-37.79719,"FOI_highstreet"
"OSM_shopping",144.97026,-37.79764,"FOI_highstreet"
"OSM_shopping",144.97757,-37.7981,"FOI_highstreet"
"OSM_shopping",145.19075,-38.30758,"FOI_highstreet"
"OSM_shopping",145.34896,-37.75982,"FOI_highstreet"
"OSM_shopping",144.98966,-37.83883,"FOI_highstreet"
"OSM_shopping",144.99128,-37.83876,"FOI_highstreet"
"OSM_shopping",145.48215,-38.07825,"FOI_highstreet"
"OSM_shopping",145.12845,-37.87586,"FOI_highstreet"
"OSM_shopping",145.12754,-37.87599,"FOI_highstreet"
"OSM_shopping",145.12744,-37.87677,"FOI_highstreet"
"OSM_shopping",145.12922,-37.87704,"FOI_highstreet"
"OSM_shopping",145.48299,-38.07859,"FOI_highstreet"
"OSM_shopping",145.12304,-38.14329,"FOI_highstreet"
"OSM_shopping",145.12548,-38.13989,"FOI_highstreet"
"OSM_shopping",145.05462,-37.95962,"FOI_highstreet"
"OSM_shopping",145.05618,-37.9594,"FOI_highstreet"
"OSM_shopping",145.05101,-37.95854,"FOI_highstreet"
"OSM_shopping",145.16706,-38.15091,"FOI_highstreet"
"OSM_shopping",145.11674,-37.99997,"FOI_highstreet"
"OSM_shopping",145.06424,-37.98158,"FOI_highstreet"
"OSM_shopping",145.06401,-37.98128,"FOI_highstreet"
"OSM_shopping",145.06473,-37.98332,"FOI_highstreet"
"OSM_shopping",145.44058,-37.93234,"FOI_highstreet"
"OSM_shopping",145.44107,-37.93244,"FOI_highstreet"
"OSM_shopping",145.44094,-37.93274,"FOI_highstreet"
"OSM_shopping",144.97064,-37.80351,"FOI_highstreet"
"OSM_shopping",144.97737,-37.8059,"FOI_highstreet"
"OSM_shopping",145.00524,-37.89799,"FOI_highstreet"
"OSM_shopping",144.9612,-37.83388,"FOI_highstreet"
"OSM_shopping",144.96108,-37.83459,"FOI_highstreet"
"OSM_shopping",144.96098,-37.83307,"FOI_highstreet"
"OSM_shopping",144.77517,-37.69879,"FOI_highstreet"
"OSM_shopping",144.98295,-37.79775,"FOI_highstreet"
"OSM_shopping",145.08791,-38.00787,"FOI_highstreet"
"OSM_shopping",145.08758,-38.00751,"FOI_highstreet"
"OSM_shopping",145.05545,-37.83062,"FOI_highstreet"
"OSM_shopping",145.48274,-38.07835,"FOI_highstreet"
"OSM_shopping",145.10404,-37.94082,"FOI_highstreet"
"OSM_shopping",145.82406,-38.43196,"FOI_highstreet"
"OSM_shopping",145.82432,-38.43221,"FOI_highstreet"
"OSM_shopping",144.99332,-37.80964,"FOI_highstreet"
"OSM_shopping",145.12333,-38.14335,"FOI_highstreet"
"OSM_shopping",145.12321,-38.14332,"FOI_highstreet"
"OSM_shopping",144.98596,-37.81631,"FOI_highstreet"
"OSM_shopping",145.18496,-37.83661,"FOI_highstreet"
"OSM_shopping",144.98346,-37.80268,"FOI_highstreet"
"OSM_shopping",144.97553,-37.80782,"FOI_highstreet"
"OSM_shopping",144.99552,-37.82529,"FOI_highstreet"
"OSM_shopping",145.01157,-37.81354,"FOI_highstreet"
"OSM_shopping",145.05006,-37.20242,"FOI_highstreet"
"OSM_shopping",144.9603,-37.79726,"FOI_highstreet"
"OSM_shopping",145.03041,-37.80709,"FOI_highstreet"
"OSM_shopping",145.03071,-37.78102,"FOI_highstreet"
"OSM_shopping",145.04212,-37.76882,"FOI_highstreet"
"OSM_shopping",145.04446,-37.76738,"FOI_highstreet"
"OSM_shopping",145.02018,-37.6528,"FOI_highstreet"
"OSM_shopping",144.92959,-37.79449,"FOI_highstreet"
"OSM_shopping",145.16997,-37.7911,"FOI_highstreet"
"OSM_shopping",144.95775,-37.82427,"FOI_highstreet"
"OSM_shopping",144.32323,-38.33183,"FOI_highstreet"
"OSM_shopping",145.93136,-38.16175,"FOI_highstreet"
"OSM_shopping",145.93197,-38.16131,"FOI_highstreet"
"OSM_shopping",145.85706,-38.13659,"FOI_highstreet"
"OSM_shopping",144.98154,-37.83415,"FOI_highstreet"
"OSM_shopping",144.99702,-37.83926,"FOI_highstreet"
"OSM_shopping",144.99574,-37.83963,"FOI_highstreet"
"OSM_shopping",144.99605,-37.83856,"FOI_highstreet"
"OSM_shopping",144.99015,-37.83892,"FOI_highstreet"
"OSM_shopping",144.99049,-37.83896,"FOI_highstreet"
"OSM_shopping",144.98032,-37.85085,"FOI_highstreet"
"OSM_shopping",145.01013,-37.84135,"FOI_highstreet"
"OSM_shopping",144.96013,-37.83245,"FOI_highstreet"
"OSM_shopping",144.95919,-37.83066,"FOI_highstreet"
"OSM_shopping",144.97734,-37.86009,"FOI_highstreet"
"OSM_shopping",144.9787,-37.41206,"FOI_highstreet"
"OSM_shopping",145.07032,-37.6824,"FOI_highstreet"
"OSM_shopping",145.00557,-37.84821,"FOI_highstreet"
"OSM_shopping",144.99049,-37.78849,"FOI_highstreet"
"OSM_shopping",144.99261,-37.8553,"FOI_highstreet"
"OSM_shopping",145.07389,-37.96779,"FOI_highstreet"
"OSM_shopping",144.98385,-37.80234,"FOI_highstreet"
"OSM_shopping",145.08613,-37.90982,"FOI_highstreet"
"OSM_shopping",145.14273,-37.8917,"FOI_highstreet"
"OSM_shopping",144.96289,-37.81462,"FOI_highstreet"
"OSM_shopping",144.96525,-37.81786,"FOI_highstreet"
"OSM_shopping",144.96446,-37.81637,"FOI_highstreet"
"OSM_shopping",144.96463,-37.81623,"FOI_highstreet"
"OSM_shopping",144.96562,-37.81601,"FOI_highstreet"
"OSM_shopping",144.96461,-37.81675,"FOI_highstreet"
"OSM_shopping",144.96571,-37.81247,"FOI_highstreet"
"OSM_shopping",144.96726,-37.81234,"FOI_highstreet"
"OSM_shopping",144.96567,-37.81294,"FOI_highstreet"
"OSM_shopping",144.95879,-37.81746,"FOI_highstreet"
"OSM_shopping",144.97044,-37.81236,"FOI_highstreet"
"OSM_shopping",145.23026,-37.81235,"FOI_highstreet"
"OSM_shopping",144.96366,-37.81485,"FOI_highstreet"
"OSM_shopping",145.03568,-37.81976,"FOI_highstreet"
"OSM_shopping",145.02169,-37.81472,"FOI_highstreet"
"OSM_shopping",144.97192,-37.80963,"FOI_highstreet"
"OSM_shopping",144.96538,-37.81239,"FOI_highstreet"
"OSM_shopping",144.96638,-37.81126,"FOI_highstreet"
"OSM_shopping",145.35512,-37.9087,"FOI_highstreet"
"OSM_shopping",144.96522,-37.81311,"FOI_highstreet"
"OSM_shopping",144.96385,-37.81639,"FOI_highstreet"
"OSM_shopping",145.14395,-37.89099,"FOI_highstreet"
"OSM_shopping",145.14441,-37.89062,"FOI_highstreet"
"OSM_shopping",144.9637,-37.81614,"FOI_highstreet"
"OSM_shopping",144.96101,-37.81504,"FOI_highstreet"
"OSM_shopping",144.96229,-37.81429,"FOI_highstreet"
"OSM_shopping",144.96288,-37.81414,"FOI_highstreet"
"OSM_shopping",145.18955,-37.91106,"FOI_highstreet"
"OSM_shopping",145.28599,-37.86193,"FOI_highstreet"
"OSM_shopping",144.95982,-37.81253,"FOI_highstreet"
"OSM_shopping",144.94245,-37.83826,"FOI_highstreet"
"OSM_shopping",145.26604,-37.84116,"FOI_highstreet"
"OSM_shopping",145.26629,-37.84106,"FOI_highstreet"
"OSM_shopping",144.96868,-37.81279,"FOI_highstreet"
"OSM_shopping",144.95863,-37.81711,"FOI_highstreet"
"OSM_shopping",145.18285,-37.85565,"FOI_highstreet"
"OSM_shopping",145.2403,-37.86046,"FOI_highstreet"
"OSM_shopping",145.24051,-37.86003,"FOI_highstreet"
"OSM_shopping",144.97722,-37.79593,"FOI_highstreet"
"OSM_shopping",144.40809,-38.02327,"FOI_highstreet"
"OSM_shopping",144.40772,-38.02253,"FOI_highstreet"
"OSM_shopping",144.32404,-38.1723,"FOI_highstreet"
"OSM_shopping",144.95729,-37.81426,"FOI_highstreet"
"OSM_shopping",144.9559,-37.81611,"FOI_highstreet"
"OSM_shopping",144.95654,-37.81259,"FOI_highstreet"
"OSM_shopping",144.32393,-38.17252,"FOI_highstreet"
"OSM_shopping",144.32413,-38.17198,"FOI_highstreet"
"OSM_shopping",145.44126,-37.93185,"FOI_highstreet"
"OSM_shopping",144.95881,-37.81647,"FOI_highstreet"
"OSM_shopping",144.95603,-37.81754,"FOI_highstreet"
"OSM_shopping",145.04388,-37.82971,"FOI_highstreet"
"OSM_shopping",145.04283,-37.83009,"FOI_highstreet"
"OSM_shopping",145.03398,-37.82913,"FOI_highstreet"
"OSM_shopping",145.85816,-38.13689,"FOI_highstreet"
"OSM_shopping",145.1655,-38.15366,"FOI_highstreet"
"OSM_shopping",145.16433,-38.15319,"FOI_highstreet"
"OSM_shopping",145.1261,-38.10328,"FOI_highstreet"
"OSM_shopping",144.74054,-38.33888,"FOI_highstreet"
"OSM_shopping",145.37371,-37.65979,"FOI_highstreet"
"OSM_shopping",145.37458,-37.65904,"FOI_highstreet"
"OSM_shopping",145.12501,-37.78596,"FOI_highstreet"
"OSM_shopping",144.96642,-37.81571,"FOI_highstreet"
"OSM_shopping",144.97139,-37.81334,"FOI_highstreet"
"OSM_shopping",144.96993,-37.8128,"FOI_highstreet"
"OSM_shopping",145.35371,-37.90987,"FOI_highstreet"
"OSM_shopping",145.16959,-37.79201,"FOI_highstreet"
"OSM_shopping",145.17012,-37.79039,"FOI_highstreet"
"OSM_shopping",145.14847,-37.87358,"FOI_highstreet"
"OSM_shopping",144.9644,-37.75486,"FOI_highstreet"
"OSM_shopping",145.00156,-37.81081,"FOI_highstreet"
"OSM_shopping",144.86328,-37.79997,"FOI_highstreet"
"OSM_shopping",145.38183,-38.21429,"FOI_highstreet"
"OSM_shopping",145.00066,-37.88383,"FOI_highstreet"
"OSM_shopping",145.01005,-37.86347,"FOI_highstreet"
"OSM_shopping",145.51767,-37.65352,"FOI_highstreet"
"OSM_shopping",145.03116,-37.73953,"FOI_highstreet"
"OSM_shopping",145.27758,-37.88339,"FOI_highstreet"
"OSM_shopping",144.97029,-37.8142,"FOI_highstreet"
"OSM_shopping",144.97136,-37.81431,"FOI_highstreet"
"OSM_shopping",144.97303,-37.81399,"FOI_highstreet"
"OSM_shopping",145.08477,-37.88564,"FOI_highstreet"
"OSM_shopping",145.47662,-38.5497,"FOI_highstreet"
"OSM_shopping",144.3237,-38.33219,"FOI_highstreet"
"OSM_shopping",144.32427,-38.33226,"FOI_highstreet"
"OSM_shopping",144.72926,-37.5794,"FOI_highstreet"
"OSM_shopping",145.21801,-37.98674,"FOI_highstreet"
"OSM_shopping",145.00108,-37.76895,"FOI_highstreet"
"OSM_shopping",144.8473,-37.77967,"FOI_highstreet"
"OSM_shopping",145.57012,-38.08099,"FOI_highstreet"
"OSM_shopping",144.99739,-37.8295,"FOI_highstreet"
"OSM_shopping",145.01368,-37.68012,"FOI_highstreet"
"OSM_shopping",145.03205,-37.84002,"FOI_highstreet"
"OSM_shopping",144.32328,-37.38921,"FOI_highstreet"
"OSM_shopping",145.04275,-37.87581,"FOI_highstreet"
"OSM_shopping",144.96399,-37.81424,"FOI_highstreet"
"OSM_shopping",145.16546,-37.83507,"FOI_highstreet"
"OSM_shopping",144.74101,-38.33874,"FOI_highstreet"
"OSM_shopping",145.00896,-37.84125,"FOI_highstreet"
"OSM_shopping",145.00928,-37.8413,"FOI_highstreet"
"OSM_shopping",144.3429,-38.17469,"FOI_highstreet"
"OSM_shopping",144.34264,-38.17493,"FOI_highstreet"
"OSM_shopping",145.00055,-37.76929,"FOI_highstreet"
"OSM_shopping",144.56299,-37.68663,"FOI_highstreet"
"OSM_shopping",144.92181,-37.76692,"FOI_highstreet"
"OSM_shopping",144.92212,-37.76695,"FOI_highstreet"
"OSM_shopping",144.94499,-37.75877,"FOI_highstreet"
"OSM_shopping",145.28851,-38.05157,"FOI_highstreet"
"OSM_shopping",145.06124,-37.93577,"FOI_highstreet"
"OSM_shopping",145.03524,-37.9182,"FOI_highstreet"
"OSM_shopping",145.038,-37.91823,"FOI_highstreet"
"OSM_shopping",145.03933,-37.91841,"FOI_highstreet"
"OSM_shopping",145.09195,-37.87489,"FOI_highstreet"
"OSM_shopping",145.28552,-37.86134,"FOI_highstreet"
"OSM_shopping",144.99341,-37.85036,"FOI_highstreet"
"OSM_shopping",145.33043,-37.90335,"FOI_highstreet"
"OSM_shopping",145.765,-38.34291,"FOI_highstreet"
"OSM_shopping",145.66978,-38.33409,"FOI_highstreet"
"OSM_shopping",144.74027,-38.33893,"FOI_highstreet"
"OSM_shopping",144.96533,-38.3327,"FOI_highstreet"
"OSM_shopping",145.0059,-37.8851,"FOI_highstreet"
"OSM_shopping",145.01001,-37.84111,"FOI_highstreet"
"OSM_shopping",144.97972,-37.86874,"FOI_highstreet"
"OSM_shopping",144.9796,-37.8682,"FOI_highstreet"
"OSM_shopping",145.26585,-37.84126,"FOI_highstreet"
"OSM_shopping",145.03868,-38.21998,"FOI_highstreet"
"OSM_shopping",145.03884,-38.21958,"FOI_highstreet"
"OSM_shopping",145.0387,-38.21944,"FOI_highstreet"
"OSM_shopping",145.03838,-38.21959,"FOI_highstreet"
"OSM_shopping",145.55108,-37.95246,"FOI_highstreet"
"OSM_shopping",144.88821,-37.77172,"FOI_highstreet"
"OSM_shopping",144.88818,-37.71424,"FOI_highstreet"
"OSM_shopping",145.1339,-37.98374,"FOI_highstreet"
"OSM_shopping",145.26497,-38.03206,"FOI_highstreet"
"OSM_shopping",145.16484,-37.87679,"FOI_highstreet"
"OSM_shopping",145.03531,-37.93461,"FOI_highstreet"
"OSM_shopping",145.0375,-37.91815,"FOI_highstreet"
"OSM_shopping",145.00433,-37.88457,"FOI_highstreet"
"OSM_shopping",145.00566,-37.88473,"FOI_highstreet"
"OSM_shopping",145.0051,-37.88494,"FOI_highstreet"
"OSM_shopping",144.14234,-37.34242,"FOI_highstreet"
"OSM_shopping",144.14247,-37.3417,"FOI_highstreet"
"OSM_shopping",144.94606,-37.75342,"FOI_highstreet"
"OSM_shopping",144.83056,-37.86859,"FOI_highstreet"
"OSM_shopping",145.0416,-37.76968,"FOI_highstreet"
"OSM_shopping",145.21904,-37.98674,"FOI_highstreet"
"OSM_shopping",145.27323,-37.88382,"FOI_highstreet"
"OSM_shopping",145.17236,-37.99186,"FOI_highstreet"
"OSM_shopping",144.22644,-37.60037,"FOI_highstreet"
"OSM_shopping",144.22677,-37.60034,"FOI_highstreet"
"OSM_shopping",145.14384,-38.0678,"FOI_highstreet"
"OSM_shopping",145.01882,-37.96211,"FOI_highstreet"
"OSM_shopping",144.96367,-37.76148,"FOI_highstreet"
"OSM_shopping",144.96305,-37.76449,"FOI_highstreet"
"OSM_shopping",144.52377,-38.26806,"FOI_highstreet"
"OSM_shopping",144.52327,-38.26803,"FOI_highstreet"
"OSM_shopping",145.00446,-37.9516,"FOI_highstreet"
"OSM_shopping",145.09027,-37.90034,"FOI_highstreet"
"OSM_shopping",145.01609,-37.97504,"FOI_highstreet"
"OSM_shopping",145.00444,-37.95191,"FOI_highstreet"
"OSM_shopping",145.00456,-37.95193,"FOI_highstreet"
"OSM_shopping",145.26941,-37.60312,"FOI_highstreet"
"OSM_shopping",144.96212,-37.77348,"FOI_highstreet"
"OSM_shopping",144.35651,-38.07518,"FOI_highstreet"
"OSM_shopping",145.10256,-37.59416,"FOI_highstreet"
"OSM_shopping",145.09332,-37.86437,"FOI_highstreet"
"OSM_shopping",144.98359,-37.80199,"FOI_highstreet"
"OSM_shopping",144.72926,-37.58016,"FOI_highstreet"
"OSM_shopping",144.99941,-37.76924,"FOI_highstreet"
"OSM_shopping",145.0348,-37.98598,"FOI_highstreet"
"OSM_shopping",145.03475,-37.98612,"FOI_highstreet"
"OSM_shopping",144.91629,-37.70568,"FOI_highstreet"
"OSM_shopping",145.0932,-37.83559,"FOI_highstreet"
"OSM_shopping",145.11154,-37.83731,"FOI_highstreet"
"OSM_shopping",145.24152,-37.86844,"FOI_highstreet"
"OSM_shopping",145.24155,-37.86836,"FOI_highstreet"
"OSM_shopping",145.24099,-37.86956,"FOI_highstreet"
"OSM_shopping",145.24133,-37.86841,"FOI_highstreet"
"OSM_shopping",145.24146,-37.86852,"FOI_highstreet"
"OSM_shopping",145.00099,-37.76877,"FOI_highstreet"
"OSM_shopping",145.34286,-37.81042,"FOI_highstreet"
"OSM_shopping",145.06126,-37.93566,"FOI_highstreet"
"OSM_shopping",145.01002,-37.84143,"FOI_highstreet"
"OSM_shopping",145.04254,-37.7497,"FOI_highstreet"
"OSM_shopping",145.04235,-37.74894,"FOI_highstreet"
"OSM_shopping",145.28042,-37.798,"FOI_highstreet"
"OSM_shopping",145.03468,-37.98642,"FOI_highstreet"
"OSM_shopping",145.34599,-38.03088,"FOI_highstreet"
"OSM_shopping",145.3455,-38.03083,"FOI_highstreet"
"OSM_shopping",145.34695,-38.031,"FOI_highstreet"
"OSM_shopping",145.30314,-38.01834,"FOI_highstreet"
"OSM_shopping",145.0355,-37.82104,"FOI_highstreet"
"OSM_shopping",145.03553,-37.82086,"FOI_highstreet"
"OSM_shopping",145.36898,-38.04477,"FOI_highstreet"
"OSM_shopping",145.34106,-37.53158,"FOI_highstreet"
"OSM_shopping",145.15275,-37.95093,"FOI_highstreet"
"OSM_shopping",144.99015,-37.87143,"FOI_highstreet"
"OSM_shopping",145.15025,-37.78798,"FOI_highstreet"
"OSM_shopping",145.14954,-37.78789,"FOI_highstreet"
"OSM_shopping",144.35648,-38.07529,"FOI_highstreet"
"OSM_shopping",144.3564,-38.07555,"FOI_highstreet"
"OSM_shopping",144.3568,-38.07416,"FOI_highstreet"
"OSM_shopping",145.31698,-37.98084,"FOI_highstreet"
"OSM_shopping",145.1196,-37.7093,"FOI_highstreet"
"OSM_shopping",145.49273,-37.93605,"FOI_highstreet"
"OSM_shopping",145.04889,-37.72094,"FOI_highstreet"
"OSM_shopping",145.03247,-37.71506,"FOI_highstreet"
"OSM_shopping",144.95995,-37.72033,"FOI_highstreet"
"OSM_shopping",144.83468,-37.71894,"FOI_highstreet"
"OSM_shopping",144.83494,-37.71909,"FOI_highstreet"
"OSM_shopping",144.83468,-37.71896,"FOI_highstreet"
"OSM_shopping",145.0652,-37.74312,"FOI_highstreet"
"OSM_shopping",145.15781,-38.19515,"FOI_highstreet"
"OSM_shopping",144.14202,-37.34373,"FOI_highstreet"
"OSM_shopping",145.28585,-37.86117,"FOI_highstreet"
"OSM_shopping",145.01638,-37.97364,"FOI_highstreet"
"OSM_shopping",144.94649,-37.73917,"FOI_highstreet"
"OSM_shopping",144.93603,-37.74744,"FOI_highstreet"
"OSM_shopping",145.19302,-37.63969,"FOI_highstreet"
"OSM_shopping",145.19355,-37.63895,"FOI_highstreet"
"OSM_shopping",145.14551,-38.14783,"FOI_highstreet"
"OSM_shopping",144.98992,-37.87327,"FOI_highstreet"
"OSM_shopping",144.99168,-37.86841,"FOI_highstreet"
"OSM_shopping",145.25617,-38.05151,"FOI_highstreet"
"OSM_shopping",144.33805,-38.20637,"FOI_highstreet"
"OSM_shopping",144.31873,-38.19857,"FOI_highstreet"
"OSM_shopping",145.08314,-37.92207,"FOI_highstreet"
"OSM_shopping",144.99289,-37.91339,"FOI_highstreet"
"OSM_shopping",145.20939,-38.01365,"FOI_highstreet"
"OSM_shopping",145.10576,-37.99584,"FOI_highstreet"
"OSM_shopping",145.07586,-37.99314,"FOI_highstreet"
"OSM_shopping",145.07831,-37.94952,"FOI_highstreet"
"OSM_shopping",144.33166,-38.12997,"FOI_highstreet"
"OSM_shopping",144.71777,-38.17125,"FOI_highstreet"
"OSM_shopping",144.94565,-37.83468,"FOI_highstreet"
"OSM_shopping",144.96031,-37.79718,"FOI_highstreet"
"OSM_shopping",144.96179,-37.76775,"FOI_highstreet"
"OSM_shopping",145.12561,-38.37309,"FOI_highstreet"
"OSM_shopping",145.12449,-38.3732,"FOI_highstreet"
"OSM_shopping",145.17821,-38.33658,"FOI_highstreet"
"OSM_shopping",145.17746,-38.33632,"FOI_highstreet"
"OSM_shopping",145.34472,-38.03137,"FOI_highstreet"
"OSM_shopping",145.34596,-38.03152,"FOI_highstreet"
"OSM_shopping",145.34636,-38.03098,"FOI_highstreet"
"OSM_shopping",145.23305,-38.20182,"FOI_highstreet"
"OSM_shopping",144.78978,-37.75824,"FOI_highstreet"
"OSM_shopping",144.97432,-37.4708,"FOI_highstreet"
"OSM_shopping",144.96614,-37.80424,"FOI_highstreet"
"OSM_shopping",145.07714,-37.86298,"FOI_highstreet"
"OSM_shopping",145.22746,-37.82923,"FOI_highstreet"
"OSM_shopping",144.86107,-37.7934,"FOI_highstreet"
"OSM_shopping",145.1648,-37.83609,"FOI_highstreet"
"OSM_shopping",145.0794,-37.86351,"FOI_highstreet"
"OSM_shopping",145.07866,-37.86318,"FOI_highstreet"
"OSM_shopping",145.07748,-37.86302,"FOI_highstreet"
"OSM_shopping",145.08003,-37.86358,"FOI_highstreet"
"OSM_shopping",145.08011,-37.86358,"FOI_highstreet"
"OSM_shopping",145.11747,-38.02241,"FOI_highstreet"
"OSM_shopping",144.96066,-37.83262,"FOI_highstreet"
"OSM_shopping",144.98945,-37.78957,"FOI_highstreet"
"OSM_shopping",144.9627,-37.83937,"FOI_highstreet"
"OSM_shopping",144.96568,-37.83414,"FOI_highstreet"
"OSM_shopping",144.98734,-37.79981,"FOI_highstreet"
"OSM_shopping",144.96706,-37.81789,"FOI_highstreet"
"OSM_shopping",144.97175,-37.82819,"FOI_highstreet"
"OSM_shopping",144.96953,-37.83094,"FOI_highstreet"
"OSM_shopping",145.25682,-37.79651,"FOI_highstreet"
"OSM_shopping",144.96057,-37.81522,"FOI_highstreet"
"OSM_shopping",145.23814,-38.45629,"FOI_highstreet"
"OSM_shopping",144.9569,-37.83008,"FOI_highstreet"
"OSM_shopping",145.23269,-38.202,"FOI_highstreet"
"OSM_shopping",144.97104,-37.83027,"FOI_highstreet"
"OSM_shopping",145.07704,-37.98375,"FOI_highstreet"
"OSM_shopping",144.89821,-37.85873,"FOI_highstreet"
"OSM_shopping",145.67563,-38.07522,"FOI_highstreet"
"OSM_shopping",145.70583,-38.07722,"FOI_highstreet"
"OSM_shopping",145.08569,-38.00631,"FOI_highstreet"
"OSM_shopping",145.3141,-37.78502,"FOI_highstreet"
"OSM_shopping",145.31159,-37.7853,"FOI_highstreet"
"OSM_shopping",145.31419,-37.78572,"FOI_highstreet"
"OSM_shopping",145.07044,-37.72702,"FOI_highstreet"
"OSM_shopping",144.96617,-37.80619,"FOI_highstreet"
"OSM_shopping",144.96593,-37.80741,"FOI_highstreet"
"OSM_shopping",145.10219,-38.02654,"FOI_highstreet"
"OSM_shopping",145.33291,-38.0544,"FOI_highstreet"
"OSM_shopping",144.97371,-37.83358,"FOI_highstreet"
"OSM_shopping",144.97505,-37.83583,"FOI_highstreet"
"OSM_shopping",144.97469,-37.83525,"FOI_highstreet"
"OSM_shopping",144.97587,-37.83561,"FOI_highstreet"
"OSM_shopping",145.90984,-37.23308,"FOI_highstreet"
"OSM_shopping",145.08151,-37.86351,"FOI_highstreet"
"OSM_shopping",144.97321,-37.80858,"FOI_highstreet"
"OSM_shopping",145.14027,-37.80867,"FOI_highstreet"
"OSM_shopping",145.36963,-37.88409,"FOI_highstreet"
"OSM_shopping",145.40735,-37.87459,"FOI_highstreet"
"OSM_shopping",145.40704,-37.87473,"FOI_highstreet"
"OSM_shopping",145.4068,-37.87451,"FOI_highstreet"
"OSM_shopping",145.42647,-37.77831,"FOI_highstreet"
"OSM_shopping",145.28173,-38.09971,"FOI_highstreet"
"OSM_shopping",144.99431,-37.79917,"FOI_highstreet"
"OSM_shopping",144.99455,-37.79915,"FOI_highstreet"
"OSM_shopping",144.91911,-37.6788,"FOI_highstreet"
"OSM_shopping",145.30456,-38.02662,"FOI_highstreet"
"OSM_shopping",145.1025,-37.70329,"FOI_highstreet"
"OSM_shopping",144.95982,-37.81723,"FOI_highstreet"
"OSM_shopping",144.99658,-37.80032,"FOI_highstreet"
"OSM_shopping",145.48242,-38.07846,"FOI_highstreet"
"OSM_shopping",144.98398,-37.80138,"FOI_highstreet"
"OSM_shopping",144.96167,-37.81051,"FOI_highstreet"
"OSM_shopping",145.93055,-38.16251,"FOI_highstreet"
"OSM_shopping",145.9309,-38.16203,"FOI_highstreet"
"OSM_shopping",144.9202,-37.57488,"FOI_highstreet"
"OSM_shopping",144.96089,-37.83318,"FOI_highstreet"
"OSM_shopping",145.19595,-38.46427,"FOI_highstreet"
"OSM_shopping",144.96607,-37.81579,"FOI_highstreet"
"OSM_shopping",144.95791,-37.80779,"FOI_highstreet"
"OSM_shopping",144.96067,-37.79687,"FOI_highstreet"
"OSM_shopping",144.95954,-37.79835,"FOI_highstreet"
"OSM_shopping",145.16311,-37.90521,"FOI_highstreet"
"OSM_shopping",145.16312,-37.90509,"FOI_highstreet"
"OSM_shopping",144.96514,-37.81798,"FOI_highstreet"
"OSM_shopping",145.03994,-37.90375,"FOI_highstreet"
"OSM_shopping",144.9872,-37.80071,"FOI_highstreet"
"OSM_shopping",144.98702,-37.80045,"FOI_highstreet"
"OSM_shopping",144.98716,-37.79981,"FOI_highstreet"
"OSM_shopping",144.9661,-37.81877,"FOI_highstreet"
"OSM_shopping",144.96604,-37.81864,"FOI_highstreet"
"OSM_shopping",144.96276,-37.8176,"FOI_highstreet"
"OSM_shopping",144.96622,-37.81827,"FOI_highstreet"
"OSM_shopping",144.99704,-37.82569,"FOI_highstreet"
"OSM_shopping",144.44079,-37.67621,"FOI_highstreet"
"OSM_shopping",144.43878,-37.67585,"FOI_highstreet"
"OSM_shopping",144.43763,-37.67568,"FOI_highstreet"
"OSM_shopping",144.43715,-37.67559,"FOI_highstreet"
"OSM_shopping",144.90223,-37.80149,"FOI_highstreet"
"OSM_shopping",144.95545,-37.81779,"FOI_highstreet"
"OSM_shopping",145.03964,-37.91872,"FOI_highstreet"
"OSM_shopping",145.02013,-37.8553,"FOI_highstreet"
"OSM_shopping",145.04215,-37.87749,"FOI_highstreet"
"OSM_shopping",145.04215,-37.87749,"FOI_highstreet"
"OSM_shopping",145.04196,-37.87742,"FOI_highstreet"
"OSM_shopping",145.0423,-37.87731,"FOI_highstreet"
"OSM_shopping",145.04233,-37.8773,"FOI_highstreet"
"OSM_shopping",144.92321,-37.77571,"FOI_highstreet"
"OSM_shopping",145.0173,-37.66593,"FOI_highstreet"
"OSM_shopping",145.01729,-37.66595,"FOI_highstreet"
"OSM_shopping",144.7453,-37.87056,"FOI_highstreet"
"OSM_shopping",145.11751,-37.51371,"FOI_highstreet"
"OSM_shopping",145.08831,-37.9005,"FOI_highstreet"
"OSM_shopping",145.06724,-37.89021,"FOI_highstreet"
"OSM_shopping",144.90253,-37.80183,"FOI_highstreet"
"OSM_shopping",144.90249,-37.80163,"FOI_highstreet"
"OSM_shopping",145.00083,-37.88475,"FOI_highstreet"
"OSM_shopping",144.97125,-37.83184,"FOI_highstreet"
"OSM_shopping",144.5634,-37.68633,"FOI_highstreet"
"OSM_shopping",144.65813,-37.90334,"FOI_highstreet"
"OSM_shopping",144.96574,-37.74301,"FOI_highstreet"
"OSM_shopping",144.96503,-37.81271,"FOI_highstreet"
"OSM_shopping",145.01368,-37.68002,"FOI_highstreet"
"OSM_shopping",144.83218,-37.78512,"FOI_highstreet"
"OSM_shopping",145.13351,-37.9119,"FOI_highstreet"
"OSM_shopping",145.13607,-38.04524,"FOI_highstreet"
"OSM_shopping",144.92287,-37.76703,"FOI_highstreet"
"OSM_shopping",144.92074,-37.7668,"FOI_highstreet"
"OSM_shopping",144.92251,-37.76678,"FOI_highstreet"
"OSM_shopping",144.96575,-37.70235,"FOI_highstreet"
"OSM_shopping",144.97006,-37.81321,"FOI_highstreet"
"OSM_shopping",144.98262,-37.80727,"FOI_highstreet"
"OSM_shopping",144.93838,-37.70848,"FOI_highstreet"
"OSM_shopping",144.93843,-37.70787,"FOI_highstreet"
"OSM_shopping",145.23661,-37.92051,"FOI_highstreet"
"OSM_shopping",145.13965,-38.11236,"FOI_highstreet"
"OSM_shopping",145.12571,-38.13994,"FOI_highstreet"
"OSM_shopping",145.85823,-38.13688,"FOI_highstreet"
"OSM_shopping",144.92908,-37.78729,"FOI_highstreet"
"OSM_shopping",144.92663,-37.6898,"FOI_highstreet"
"OSM_shopping",145.36099,-37.8481,"FOI_highstreet"
"OSM_shopping",144.98004,-37.8687,"FOI_highstreet"
"OSM_shopping",144.97953,-37.86814,"FOI_highstreet"
"OSM_shopping",144.98027,-37.86939,"FOI_highstreet"
"OSM_shopping",144.99902,-37.81867,"FOI_highstreet"
"OSM_shopping",144.98442,-37.79858,"FOI_highstreet"
"OSM_shopping",145.23923,-38.45324,"FOI_highstreet"
"OSM_shopping",144.91712,-37.75511,"FOI_highstreet"
"OSM_shopping",144.88483,-37.68886,"FOI_highstreet"
"OSM_shopping",144.96249,-37.81025,"FOI_highstreet"
"OSM_shopping",144.91054,-37.74542,"FOI_highstreet"
"OSM_shopping",144.59002,-37.48661,"FOI_highstreet"
"OSM_shopping",144.59166,-37.48752,"FOI_highstreet"
"OSM_shopping",144.58993,-37.48689,"FOI_highstreet"
"OSM_shopping",144.58895,-37.48692,"FOI_highstreet"
"OSM_shopping",144.17191,-38.04523,"FOI_highstreet"
"OSM_shopping",144.99549,-37.80989,"FOI_highstreet"
"OSM_shopping",144.99553,-37.80972,"FOI_highstreet"
"OSM_shopping",144.86745,-37.73266,"FOI_highstreet"
"OSM_shopping",145.08227,-37.82446,"FOI_highstreet"
"OSM_shopping",144.98706,-37.80048,"FOI_highstreet"
"OSM_shopping",144.98713,-37.80078,"FOI_highstreet"
"OSM_shopping",144.98684,-37.80258,"FOI_highstreet"
"OSM_shopping",144.98666,-37.8028,"FOI_highstreet"
"OSM_shopping",144.9865,-37.80367,"FOI_highstreet"
"OSM_shopping",144.9866,-37.80385,"FOI_highstreet"
"OSM_shopping",144.98632,-37.80472,"FOI_highstreet"
"OSM_shopping",144.90054,-37.79937,"FOI_highstreet"
"OSM_shopping",144.99592,-37.81757,"FOI_highstreet"
"OSM_shopping",144.95206,-37.81873,"FOI_highstreet"
"OSM_shopping",144.97999,-37.80836,"FOI_highstreet"
"OSM_shopping",144.98034,-37.80853,"FOI_highstreet"
"OSM_shopping",144.98074,-37.80848,"FOI_highstreet"
"OSM_shopping",144.98346,-37.8087,"FOI_highstreet"
"OSM_shopping",145.00983,-37.82845,"FOI_highstreet"
"OSM_shopping",144.83264,-37.78321,"FOI_highstreet"
"OSM_shopping",144.34306,-38.17498,"FOI_highstreet"
"OSM_shopping",144.83146,-37.78027,"FOI_highstreet"
"OSM_shopping",144.96845,-37.69603,"FOI_highstreet"
"OSM_shopping",144.98418,-37.7291,"FOI_highstreet"
"OSM_shopping",145.00714,-37.70379,"FOI_highstreet"
"OSM_shopping",145.0056,-37.7161,"FOI_highstreet"
"OSM_shopping",145.00671,-37.71586,"FOI_highstreet"
"OSM_shopping",145.15226,-38.13894,"FOI_highstreet"
"OSM_shopping",145.27257,-38.07522,"FOI_highstreet"
"OSM_shopping",144.96401,-37.79686,"FOI_highstreet"
"OSM_shopping",144.9649,-37.79719,"FOI_highstreet"
"OSM_shopping",145.00756,-37.8275,"FOI_highstreet"
"OSM_shopping",145.00752,-37.82764,"FOI_highstreet"
"OSM_shopping",145.00761,-37.82765,"FOI_highstreet"
"OSM_shopping",145.05828,-37.8265,"FOI_highstreet"
"OSM_shopping",145.05841,-37.82646,"FOI_highstreet"
"OSM_shopping",144.70268,-37.7469,"FOI_highstreet"
"OSM_shopping",144.83128,-37.78174,"FOI_highstreet"
"OSM_shopping",144.83289,-37.78223,"FOI_highstreet"
"OSM_shopping",145.0482,-37.721,"FOI_highstreet"
"OSM_shopping",145.05854,-37.69635,"FOI_highstreet"
"OSM_shopping",145.36414,-38.04093,"FOI_highstreet"
"OSM_shopping",145.04872,-37.72206,"FOI_highstreet"
"OSM_shopping",145.17184,-37.99286,"FOI_highstreet"
"OSM_shopping",145.17202,-37.99329,"FOI_highstreet"
"OSM_shopping",145.08237,-37.71088,"FOI_highstreet"
"OSM_shopping",145.01251,-37.69525,"FOI_highstreet"
"OSM_shopping",144.95948,-37.68796,"FOI_highstreet"
"OSM_shopping",144.89513,-37.72693,"FOI_highstreet"
"OSM_shopping",144.97255,-37.81425,"FOI_highstreet"
"OSM_shopping",144.96647,-37.7429,"FOI_highstreet"
"OSM_shopping",144.99468,-37.80971,"FOI_highstreet"
"OSM_shopping",144.92067,-37.67921,"FOI_highstreet"
"OSM_shopping",145.0822,-37.71174,"FOI_highstreet"
"OSM_shopping",144.94809,-37.66684,"FOI_highstreet"
"OSM_shopping",144.84636,-37.83531,"FOI_highstreet"
"OSM_shopping",144.91616,-37.77344,"FOI_highstreet"
"OSM_shopping",145.07168,-37.77254,"FOI_highstreet"
"OSM_shopping",145.061,-37.66701,"FOI_highstreet"
"OSM_shopping",145.06171,-37.66714,"FOI_highstreet"
"OSM_shopping",145.05374,-37.76392,"FOI_highstreet"
"OSM_shopping",145.04952,-37.72166,"FOI_highstreet"
"OSM_shopping",145.05137,-37.72061,"FOI_highstreet"
"OSM_shopping",145.0498,-37.72405,"FOI_highstreet"
"OSM_shopping",145.06833,-37.75664,"FOI_highstreet"
"OSM_shopping",145.16862,-37.76174,"FOI_highstreet"
"OSM_shopping",145.28074,-37.79657,"FOI_highstreet"
"OSM_shopping",145.12511,-37.78402,"FOI_highstreet"
"OSM_shopping",145.09373,-37.79194,"FOI_highstreet"
"OSM_shopping",145.61421,-37.78142,"FOI_highstreet"
"OSM_shopping",145.61476,-37.78149,"FOI_highstreet"
"OSM_shopping",145.61305,-37.78164,"FOI_highstreet"
"OSM_shopping",145.37466,-37.65875,"FOI_highstreet"
"OSM_shopping",145.3394,-38.06151,"FOI_highstreet"
"OSM_shopping",145.3394,-38.06156,"FOI_highstreet"
"OSM_shopping",145.09139,-37.89899,"FOI_highstreet"
"OSM_shopping",145.09095,-37.9007,"FOI_highstreet"
"OSM_shopping",145.09034,-37.90069,"FOI_highstreet"
"OSM_shopping",145.13353,-37.91184,"FOI_highstreet"
"OSM_shopping",145.06449,-37.75584,"FOI_highstreet"
"OSM_shopping",145.14407,-37.92709,"FOI_highstreet"
"OSM_shopping",145.04048,-37.8891,"FOI_highstreet"
"OSM_shopping",145.00432,-37.95099,"FOI_highstreet"
"OSM_shopping",145.03407,-37.80572,"FOI_highstreet"
"OSM_shopping",144.83203,-37.78201,"FOI_highstreet"
"OSM_shopping",145.16546,-38.15375,"FOI_highstreet"
"OSM_shopping",145.11302,-37.77205,"FOI_highstreet"
"OSM_shopping",144.83262,-37.78757,"FOI_highstreet"
"OSM_shopping",145.04258,-37.85311,"FOI_highstreet"
"OSM_shopping",145.05581,-37.96558,"FOI_highstreet"
"OSM_shopping",144.68182,-37.87616,"FOI_highstreet"
"OSM_shopping",145.06587,-37.75599,"FOI_highstreet"
"OSM_shopping",144.79973,-37.74243,"FOI_highstreet"
"OSM_shopping",144.79985,-37.74224,"FOI_highstreet"
"OSM_shopping",144.97896,-37.84406,"FOI_highstreet"
"OSM_shopping",145.77008,-38.11167,"FOI_highstreet"
"OSM_shopping",144.73935,-38.33915,"FOI_highstreet"
"OSM_shopping",145.07171,-37.68262,"FOI_highstreet"
"OSM_shopping",144.96677,-37.80028,"FOI_highstreet"
"OSM_shopping",144.99371,-37.83908,"FOI_highstreet"
"OSM_shopping",145.13347,-37.91183,"FOI_highstreet"
"OSM_shopping",145.35388,-37.8622,"FOI_highstreet"
"OSM_shopping",144.94253,-37.80736,"FOI_highstreet"
"OSM_shopping",144.91603,-37.77352,"FOI_highstreet"
"OSM_shopping",145.11627,-38.14758,"FOI_highstreet"
"OSM_shopping",145.51868,-37.65299,"FOI_highstreet"
"OSM_shopping",145.163,-37.90519,"FOI_highstreet"
"OSM_shopping",145.1629,-37.90519,"FOI_highstreet"
"OSM_shopping",144.31824,-38.19907,"FOI_highstreet"
"OSM_shopping",144.9142,-37.5943,"FOI_highstreet"
"OSM_shopping",144.88188,-37.63922,"FOI_highstreet"
"OSM_shopping",145.06291,-37.95313,"FOI_highstreet"
"OSM_shopping",144.96783,-37.81164,"FOI_highstreet"
"OSM_shopping",144.94133,-37.83996,"FOI_highstreet"
"OSM_shopping",145.26014,-37.97612,"FOI_highstreet"
"OSM_shopping",145.30392,-38.4635,"FOI_highstreet"
"OSM_shopping",145.18287,-37.85542,"FOI_highstreet"
"OSM_shopping",144.96639,-37.83123,"FOI_highstreet"
"OSM_shopping",144.96881,-37.83052,"FOI_highstreet"
"OSM_shopping",145.00119,-37.81858,"FOI_highstreet"
"OSM_shopping",144.89785,-37.85679,"FOI_highstreet"
"OSM_shopping",144.99495,-37.81795,"FOI_highstreet"
"OSM_shopping",144.89791,-37.85726,"FOI_highstreet"
"OSM_shopping",145.00131,-37.8186,"FOI_highstreet"
"OSM_shopping",145.12207,-37.81821,"FOI_highstreet"
"OSM_shopping",145.28097,-37.79779,"FOI_highstreet"
"OSM_shopping",145.25095,-37.81208,"FOI_highstreet"
"OSM_shopping",145.12198,-37.81859,"FOI_highstreet"
"OSM_shopping",145.15259,-37.82055,"FOI_highstreet"
"OSM_shopping",145.30962,-37.89321,"FOI_highstreet"
"OSM_shopping",144.9038,-38.35631,"FOI_highstreet"
"OSM_shopping",145.083,-37.88712,"FOI_highstreet"
"OSM_shopping",144.45521,-38.18569,"FOI_highstreet"
"OSM_shopping",145.03539,-37.8205,"FOI_highstreet"
"OSM_shopping",144.9601,-37.81838,"FOI_highstreet"
"OSM_shopping",144.94415,-37.82022,"FOI_highstreet"
"OSM_shopping",144.73522,-37.88299,"FOI_highstreet"
"OSM_shopping",144.73533,-37.88432,"FOI_highstreet"
"OSM_shopping",144.73623,-37.88316,"FOI_highstreet"
"OSM_shopping",145.0681,-37.75625,"FOI_highstreet"
"OSM_shopping",144.80733,-37.72768,"FOI_highstreet"
"OSM_shopping",145.31582,-37.85557,"FOI_highstreet"
"OSM_shopping",145.04785,-37.72094,"FOI_highstreet"
"OSM_shopping",145.13415,-37.98382,"FOI_highstreet"
"OSM_shopping",145.05554,-37.96713,"FOI_highstreet"
"OSM_shopping",145.01795,-37.77879,"FOI_highstreet"
"OSM_shopping",145.27466,-37.88422,"FOI_highstreet"
"OSM_shopping",145.08222,-37.82475,"FOI_highstreet"
"OSM_shopping",145.12513,-37.78497,"FOI_highstreet"
"OSM_shopping",145.01866,-37.77702,"FOI_highstreet"
"OSM_shopping",145.11992,-37.84944,"FOI_highstreet"
"OSM_shopping",144.98348,-37.80447,"FOI_highstreet"
"OSM_shopping",144.98588,-37.80311,"FOI_highstreet"
"OSM_shopping",144.9858,-37.80356,"FOI_highstreet"
"OSM_shopping",144.98537,-37.80602,"FOI_highstreet"
"OSM_shopping",144.98545,-37.80558,"FOI_highstreet"
"OSM_shopping",144.92471,-37.76639,"FOI_highstreet"
"OSM_shopping",145.14197,-37.82099,"FOI_highstreet"
"OSM_shopping",144.98582,-37.8983,"FOI_highstreet"
"OSM_shopping",144.73635,-37.88317,"FOI_highstreet"
"OSM_shopping",145.13164,-37.78763,"FOI_highstreet"
"OSM_shopping",145.1483,-37.7139,"FOI_highstreet"
"OSM_shopping",145.03115,-37.80651,"FOI_highstreet"
"OSM_shopping",144.94117,-37.72016,"FOI_highstreet"
"OSM_shopping",145.39138,-37.88985,"FOI_highstreet"
"OSM_shopping",145.05026,-37.72438,"FOI_highstreet"
"OSM_shopping",144.96502,-37.81669,"FOI_highstreet"
"OSM_shopping",144.96014,-37.81494,"FOI_highstreet"
"OSM_shopping",144.95873,-37.81632,"FOI_highstreet"
"OSM_shopping",145.14864,-37.71422,"FOI_highstreet"
"OSM_shopping",145.14888,-37.7135,"FOI_highstreet"
"OSM_shopping",145.15011,-37.71477,"FOI_highstreet"
"OSM_shopping",144.82649,-38.37106,"FOI_highstreet"
"OSM_shopping",145.01576,-37.97657,"FOI_highstreet"
"OSM_shopping",144.94973,-37.82054,"FOI_highstreet"
"OSM_shopping",144.97855,-37.79889,"FOI_highstreet"
"OSM_shopping",145.85909,-38.1369,"FOI_highstreet"
"OSM_shopping",145.30101,-38.06613,"FOI_highstreet"
"OSM_shopping",144.49206,-38.28019,"FOI_highstreet"
"OSM_shopping",144.96675,-37.80056,"FOI_highstreet"
"OSM_shopping",144.49207,-38.28012,"FOI_highstreet"
"OSM_shopping",144.31871,-38.19901,"FOI_highstreet"
"OSM_shopping",144.31871,-38.19891,"FOI_highstreet"
"OSM_shopping",145.03181,-37.85861,"FOI_highstreet"
"OSM_shopping",144.91958,-37.68326,"FOI_highstreet"
"OSM_shopping",144.84861,-37.67078,"FOI_highstreet"
"OSM_shopping",145.05397,-37.79803,"FOI_highstreet"
"OSM_shopping",145.07067,-37.65082,"FOI_highstreet"
"OSM_shopping",145.07022,-37.65049,"FOI_highstreet"
"OSM_shopping",144.95261,-37.81908,"FOI_highstreet"
"OSM_shopping",144.95262,-37.81908,"FOI_highstreet"
"OSM_shopping",144.95263,-37.81908,"FOI_highstreet"
"OSM_shopping",144.95264,-37.81908,"FOI_highstreet"
"OSM_shopping",144.86135,-37.83218,"FOI_highstreet"
"OSM_shopping",144.89701,-37.81759,"FOI_highstreet"
"OSM_shopping",144.88972,-37.81597,"FOI_highstreet"
"OSM_shopping",144.88976,-37.81633,"FOI_highstreet"
"OSM_shopping",145.08281,-37.80331,"FOI_highstreet"
"OSM_shopping",145.08426,-37.81333,"FOI_highstreet"
"OSM_shopping",145.08328,-37.81321,"FOI_highstreet"
"OSM_shopping",145.08395,-37.81303,"FOI_highstreet"
"OSM_shopping",145.08377,-37.81299,"FOI_highstreet"
"OSM_shopping",145.08387,-37.81298,"FOI_highstreet"
"OSM_shopping",144.84594,-37.83474,"FOI_highstreet"
"OSM_shopping",145.04649,-37.72073,"FOI_highstreet"
"OSM_shopping",145.10423,-37.7032,"FOI_highstreet"
"OSM_shopping",144.97426,-37.86596,"FOI_highstreet"
"OSM_shopping",144.3552,-38.11456,"FOI_highstreet"
"OSM_shopping",145.16463,-37.87947,"FOI_highstreet"
"OSM_shopping",145.40957,-38.00427,"FOI_highstreet"
"OSM_shopping",145.49194,-37.93612,"FOI_highstreet"
"OSM_shopping",145.77228,-37.52957,"FOI_highstreet"
"OSM_shopping",145.77224,-37.5293,"FOI_highstreet"
"OSM_shopping",144.61454,-37.87634,"FOI_highstreet"
"OSM_shopping",145.23671,-37.91977,"FOI_highstreet"
"OSM_shopping",145.23682,-37.92002,"FOI_highstreet"
"OSM_shopping",144.99096,-37.79951,"FOI_highstreet"
"OSM_shopping",145.26915,-37.81183,"FOI_highstreet"
"OSM_shopping",144.98599,-37.86473,"FOI_highstreet"
"OSM_shopping",144.94151,-37.83922,"FOI_highstreet"
"OSM_shopping",144.94213,-37.83915,"FOI_highstreet"
"OSM_shopping",145.08172,-37.81275,"FOI_highstreet"
"OSM_shopping",145.16375,-37.87963,"FOI_highstreet"
"OSM_shopping",145.33031,-37.90369,"FOI_highstreet"
"OSM_shopping",145.01498,-37.7306,"FOI_highstreet"
"OSM_shopping",145.09264,-37.76545,"FOI_highstreet"
"OSM_shopping",145.09327,-37.79175,"FOI_highstreet"
"OSM_shopping",145.09187,-37.76596,"FOI_highstreet"
"OSM_shopping",145.09189,-37.76587,"FOI_highstreet"
"OSM_shopping",145.18502,-38.10196,"FOI_highstreet"
"OSM_shopping",145.13947,-37.9406,"FOI_highstreet"
"OSM_shopping",145.1524,-37.95034,"FOI_highstreet"
"OSM_shopping",145.1527,-37.95101,"FOI_highstreet"
"OSM_shopping",145.16207,-37.90523,"FOI_highstreet"
"OSM_shopping",145.15099,-37.9485,"FOI_highstreet"
"OSM_shopping",145.15133,-37.95421,"FOI_highstreet"
"OSM_shopping",145.07146,-37.79287,"FOI_highstreet"
"OSM_shopping",144.96633,-37.74191,"FOI_highstreet"
"OSM_shopping",145.21426,-37.99039,"FOI_highstreet"
"OSM_shopping",145.21403,-37.98845,"FOI_highstreet"
"OSM_shopping",145.21479,-37.98739,"FOI_highstreet"
"OSM_shopping",145.21483,-37.98743,"FOI_highstreet"
"OSM_shopping",145.21488,-37.98746,"FOI_highstreet"
"OSM_shopping",145.14975,-37.97166,"FOI_highstreet"
"OSM_shopping",144.74359,-37.73073,"FOI_highstreet"
"OSM_shopping",145.03212,-37.80617,"FOI_highstreet"
"OSM_shopping",145.21461,-37.98638,"FOI_highstreet"
"OSM_shopping",145.21461,-37.98598,"FOI_highstreet"
"OSM_shopping",145.0896,-37.90021,"FOI_highstreet"
"OSM_shopping",145.27907,-37.84251,"FOI_highstreet"
"OSM_shopping",145.16483,-37.87689,"FOI_highstreet"
"OSM_shopping",144.98788,-37.75088,"FOI_highstreet"
"OSM_shopping",144.98892,-37.75101,"FOI_highstreet"
"OSM_shopping",145.06791,-37.88991,"FOI_highstreet"
"OSM_shopping",145.1869,-37.96681,"FOI_highstreet"
"OSM_shopping",144.39239,-38.17005,"FOI_highstreet"
"OSM_shopping",144.38872,-38.16908,"FOI_highstreet"
"OSM_shopping",145.06267,-37.80094,"FOI_highstreet"
"OSM_shopping",144.61427,-38.28539,"FOI_highstreet"
"OSM_shopping",144.92254,-38.35164,"FOI_highstreet"
"OSM_shopping",144.90341,-38.35636,"FOI_highstreet"
"OSM_shopping",144.90316,-38.35646,"FOI_highstreet"
"OSM_shopping",145.08962,-38.18371,"FOI_highstreet"
"OSM_shopping",145.0903,-38.18335,"FOI_highstreet"
"OSM_shopping",144.96457,-38.33301,"FOI_highstreet"
"OSM_shopping",145.38067,-37.81813,"FOI_highstreet"
"OSM_shopping",145.03581,-37.79568,"FOI_highstreet"
"OSM_shopping",145.00057,-37.75946,"FOI_highstreet"
"OSM_shopping",145.07723,-37.74617,"FOI_highstreet"
"OSM_shopping",145.17401,-37.9933,"FOI_highstreet"
"OSM_shopping",144.98983,-37.73633,"FOI_highstreet"
"OSM_shopping",144.93733,-37.81364,"FOI_highstreet"
"OSM_shopping",144.9629,-37.77541,"FOI_highstreet"
"OSM_shopping",145.0644,-37.9818,"FOI_highstreet"
"OSM_shopping",145.53122,-38.40686,"FOI_highstreet"
"OSM_shopping",145.05555,-37.96685,"FOI_highstreet"
"OSM_shopping",145.12205,-37.91986,"FOI_highstreet"
"OSM_shopping",144.95988,-37.80298,"FOI_highstreet"
"OSM_shopping",145.15414,-37.81909,"FOI_highstreet"
"OSM_shopping",145.08575,-37.90807,"FOI_highstreet"
"OSM_shopping",145.15945,-37.91779,"FOI_highstreet"
"OSM_shopping",145.14688,-37.97767,"FOI_highstreet"
"OSM_shopping",144.94877,-37.81868,"FOI_highstreet"
"OSM_shopping",145.05813,-37.86017,"FOI_highstreet"
"OSM_shopping",144.96462,-37.79599,"FOI_highstreet"
"OSM_shopping",145.21894,-37.73815,"FOI_highstreet"
"OSM_shopping",144.91528,-37.59342,"FOI_highstreet"
"OSM_shopping",145.00364,-37.80256,"FOI_highstreet"
"OSM_shopping",145.01816,-37.77762,"FOI_highstreet"
"OSM_shopping",144.36109,-38.14719,"FOI_highstreet"
"OSM_shopping",145.01878,-37.77645,"FOI_highstreet"
"OSM_shopping",144.43714,-37.67595,"FOI_highstreet"
"OSM_shopping",145.209,-37.96606,"FOI_highstreet"
"OSM_shopping",145.21356,-37.81878,"FOI_highstreet"
"OSM_shopping",145.37154,-38.52079,"FOI_highstreet"
"OSM_shopping",145.00384,-37.73806,"FOI_highstreet"
"OSM_shopping",145.00374,-37.73862,"FOI_highstreet"
"OSM_shopping",145.00356,-37.73975,"FOI_highstreet"
"OSM_shopping",145.28375,-38.10969,"FOI_highstreet"
"OSM_shopping",145.282,-38.11038,"FOI_highstreet"
"OSM_shopping",145.28245,-38.10915,"FOI_highstreet"
"OSM_shopping",145.28345,-38.11124,"FOI_highstreet"
"OSM_shopping",145.28274,-38.11181,"FOI_highstreet"
"OSM_shopping",145.28268,-38.1109,"FOI_highstreet"
"OSM_shopping",145.71863,-38.09735,"FOI_highstreet"
"OSM_shopping",145.04805,-37.72064,"FOI_highstreet"
"OSM_shopping",145.04886,-37.72102,"FOI_highstreet"
"OSM_shopping",144.96159,-37.77579,"FOI_highstreet"
"OSM_shopping",145.03994,-38.22108,"FOI_highstreet"
"OSM_shopping",145.04707,-38.24518,"FOI_highstreet"
"OSM_shopping",144.95597,-37.79925,"FOI_highstreet"
"OSM_shopping",144.91423,-37.59416,"FOI_highstreet"
"OSM_shopping",144.83151,-37.78112,"FOI_highstreet"
"OSM_shopping",144.83123,-37.78193,"FOI_highstreet"
"OSM_shopping",144.96892,-37.81773,"FOI_highstreet"
"OSM_shopping",144.96398,-37.81637,"FOI_highstreet"
"OSM_shopping",145.20261,-37.96808,"FOI_highstreet"
"OSM_shopping",144.96676,-37.81881,"FOI_highstreet"
"OSM_shopping",144.9665,-37.81818,"FOI_highstreet"
"OSM_shopping",144.96645,-37.81801,"FOI_highstreet"
"OSM_shopping",144.96664,-37.81848,"FOI_highstreet"
"OSM_shopping",144.9667,-37.81861,"FOI_highstreet"
"OSM_shopping",144.96658,-37.81832,"FOI_highstreet"
"OSM_shopping",145.09055,-37.5947,"FOI_highstreet"
"OSM_shopping",145.09041,-37.59396,"FOI_highstreet"
"OSM_shopping",145.0195,-37.65403,"FOI_highstreet"
"OSM_shopping",144.87973,-37.79746,"FOI_highstreet"
"OSM_shopping",144.91427,-37.59378,"FOI_highstreet"
"OSM_shopping",144.9143,-37.59365,"FOI_highstreet"
"OSM_shopping",144.9706,-37.80984,"FOI_highstreet"
"OSM_shopping",144.97042,-37.80978,"FOI_highstreet"
"OSM_shopping",144.96943,-37.81014,"FOI_highstreet"
"OSM_shopping",145.30832,-37.89409,"FOI_highstreet"
"OSM_shopping",145.30842,-37.89434,"FOI_highstreet"
"OSM_shopping",145.26656,-38.03237,"FOI_highstreet"
"OSM_shopping",145.26681,-38.03276,"FOI_highstreet"
"OSM_shopping",144.96255,-37.80726,"FOI_highstreet"
"OSM_shopping",144.90063,-37.8,"FOI_highstreet"
"OSM_shopping",145.21365,-37.98382,"FOI_highstreet"
"OSM_shopping",145.02835,-37.72485,"FOI_highstreet"
"OSM_shopping",145.02816,-37.72509,"FOI_highstreet"
"OSM_shopping",145.1239,-37.81842,"FOI_highstreet"
"OSM_shopping",145.00398,-37.73716,"FOI_highstreet"
"OSM_shopping",145.00402,-37.7389,"FOI_highstreet"
"OSM_shopping",145.00338,-37.74083,"FOI_highstreet"
"OSM_shopping",145.00431,-37.73732,"FOI_highstreet"
"OSM_shopping",145.00341,-37.74048,"FOI_highstreet"
"OSM_shopping",145.00432,-37.73698,"FOI_highstreet"
"OSM_shopping",145.00285,-37.744,"FOI_highstreet"
"OSM_shopping",145.00394,-37.73735,"FOI_highstreet"
"OSM_shopping",145.00367,-37.7411,"FOI_highstreet"
"OSM_shopping",145.004,-37.73704,"FOI_highstreet"
"OSM_shopping",145.07682,-37.89496,"FOI_highstreet"
"OSM_shopping",145.04394,-37.87729,"FOI_highstreet"
"OSM_shopping",144.90073,-37.79926,"FOI_highstreet"
"OSM_shopping",144.89928,-37.79945,"FOI_highstreet"
"OSM_shopping",144.89826,-37.8006,"FOI_highstreet"
"OSM_shopping",145.11625,-38.05376,"FOI_highstreet"
"OSM_shopping",145.11303,-38.05194,"FOI_highstreet"
"OSM_shopping",145.11501,-38.05245,"FOI_highstreet"
"OSM_shopping",145.12237,-38.14312,"FOI_highstreet"
"OSM_shopping",145.11884,-38.14283,"FOI_highstreet"
"OSM_shopping",145.11922,-38.14271,"FOI_highstreet"
"OSM_shopping",145.09129,-37.899,"FOI_highstreet"
"OSM_shopping",145.09116,-37.89899,"FOI_highstreet"
"OSM_shopping",145.15298,-37.94905,"FOI_highstreet"
"OSM_shopping",145.04259,-37.87793,"FOI_highstreet"
"OSM_shopping",145.04276,-37.8782,"FOI_highstreet"
"OSM_shopping",145.04322,-37.87831,"FOI_highstreet"
"OSM_shopping",145.04336,-37.87857,"FOI_highstreet"
"OSM_shopping",145.04378,-37.87865,"FOI_highstreet"
"OSM_shopping",145.29993,-38.01945,"FOI_highstreet"
"OSM_shopping",144.77625,-37.75132,"FOI_highstreet"
"OSM_shopping",144.77394,-37.75096,"FOI_highstreet"
"OSM_shopping",144.77655,-37.75025,"FOI_highstreet"
"OSM_shopping",144.98341,-37.76579,"FOI_highstreet"
"OSM_shopping",145.05673,-37.83067,"FOI_highstreet"
"OSM_shopping",144.97259,-37.81135,"FOI_highstreet"
"OSM_shopping",145.00429,-37.95314,"FOI_highstreet"
"OSM_shopping",145.00423,-37.9531,"FOI_highstreet"
"OSM_shopping",144.83057,-37.8685,"FOI_highstreet"
"OSM_shopping",145.00261,-37.93795,"FOI_highstreet"
"OSM_shopping",145.194,-37.8366,"FOI_highstreet"
"OSM_shopping",145.18328,-37.8374,"FOI_highstreet"
"OSM_shopping",145.16376,-37.83537,"FOI_highstreet"
"OSM_shopping",145.28223,-37.79586,"FOI_highstreet"
"OSM_shopping",145.09273,-37.64378,"FOI_highstreet"
"OSM_shopping",145.09236,-37.64368,"FOI_highstreet"
"OSM_shopping",145.09281,-37.64371,"FOI_highstreet"
"OSM_shopping",145.23679,-37.92022,"FOI_highstreet"
"OSM_shopping",145.23652,-37.92087,"FOI_highstreet"
"OSM_shopping",145.23655,-37.92073,"FOI_highstreet"
"OSM_shopping",145.61444,-37.7818,"FOI_highstreet"
"OSM_shopping",145.14129,-38.15935,"FOI_highstreet"
"OSM_shopping",144.99186,-37.72929,"FOI_highstreet"
"OSM_shopping",145.1341,-37.64014,"FOI_highstreet"
"OSM_shopping",145.70605,-38.36852,"FOI_highstreet"
"OSM_shopping",145.28595,-37.86003,"FOI_highstreet"
"OSM_shopping",145.26681,-37.8416,"FOI_highstreet"
"OSM_shopping",145.26642,-37.84127,"FOI_highstreet"
"OSM_shopping",144.97978,-37.84514,"FOI_highstreet"
"OSM_shopping",144.95028,-37.79482,"FOI_highstreet"
"OSM_shopping",145.18736,-38.3672,"FOI_highstreet"
"OSM_shopping",144.96303,-37.81447,"FOI_highstreet"
"OSM_shopping",145.00948,-37.70779,"FOI_highstreet"
"OSM_shopping",144.9423,-37.82038,"FOI_highstreet"
"OSM_shopping",144.94298,-37.82023,"FOI_highstreet"
"OSM_shopping",144.94325,-37.8201,"FOI_highstreet"
"OSM_shopping",144.94419,-37.82099,"FOI_highstreet"
"OSM_shopping",144.94289,-37.82112,"FOI_highstreet"
"OSM_shopping",144.94343,-37.82164,"FOI_highstreet"
"OSM_shopping",144.94224,-37.82116,"FOI_highstreet"
"OSM_shopping",144.94097,-37.82078,"FOI_highstreet"
"OSM_shopping",144.97296,-37.79078,"FOI_highstreet"
"OSM_shopping",145.12226,-37.82031,"FOI_highstreet"
"OSM_shopping",145.12239,-37.81892,"FOI_highstreet"
"OSM_shopping",145.12261,-37.81896,"FOI_highstreet"
"OSM_shopping",145.12275,-37.81897,"FOI_highstreet"
"OSM_shopping",145.12291,-37.81899,"FOI_highstreet"
"OSM_shopping",145.12315,-37.81903,"FOI_highstreet"
"OSM_shopping",145.07164,-37.79268,"FOI_highstreet"
"OSM_shopping",144.94232,-37.82016,"FOI_highstreet"
"OSM_shopping",144.94541,-37.82046,"FOI_highstreet"
"OSM_shopping",144.94326,-37.81989,"FOI_highstreet"
"OSM_shopping",144.94415,-37.81963,"FOI_highstreet"
"OSM_shopping",144.94277,-37.81989,"FOI_highstreet"
"OSM_shopping",144.94446,-37.82039,"FOI_highstreet"
"OSM_shopping",144.94434,-37.82094,"FOI_highstreet"
"OSM_shopping",144.94364,-37.81939,"FOI_highstreet"
"OSM_shopping",144.94459,-37.82032,"FOI_highstreet"
"OSM_shopping",144.94487,-37.81963,"FOI_highstreet"
"OSM_shopping",144.94406,-37.82037,"FOI_highstreet"
"OSM_shopping",144.94068,-37.79606,"FOI_highstreet"
"OSM_shopping",144.96759,-37.81858,"FOI_highstreet"
"OSM_shopping",144.96759,-37.81859,"FOI_highstreet"
"OSM_shopping",144.94698,-37.82126,"FOI_highstreet"
"OSM_shopping",144.94374,-37.82133,"FOI_highstreet"
"OSM_shopping",144.94511,-37.82182,"FOI_highstreet"
"OSM_shopping",144.94685,-37.82107,"FOI_highstreet"
"OSM_shopping",144.94723,-37.81996,"FOI_highstreet"
"OSM_shopping",144.9462,-37.821,"FOI_highstreet"
"OSM_shopping",144.94545,-37.82102,"FOI_highstreet"
"OSM_shopping",144.94603,-37.82036,"FOI_highstreet"
"OSM_shopping",144.94586,-37.81968,"FOI_highstreet"
"OSM_shopping",145.27051,-37.74963,"FOI_highstreet"
"OSM_shopping",144.94572,-37.8194,"FOI_highstreet"
"OSM_shopping",144.94522,-37.8197,"FOI_highstreet"
"OSM_shopping",144.94541,-37.81988,"FOI_highstreet"
"OSM_shopping",144.94437,-37.81909,"FOI_highstreet"
"OSM_shopping",144.9611,-37.83366,"FOI_highstreet"
"OSM_shopping",145.48928,-38.19872,"FOI_highstreet"
"OSM_shopping",145.02231,-37.69581,"FOI_highstreet"
"OSM_shopping",144.96358,-37.81637,"FOI_highstreet"
"OSM_shopping",144.96345,-37.81656,"FOI_highstreet"
"OSM_shopping",144.94983,-37.82171,"FOI_highstreet"
"OSM_shopping",145.03126,-37.80647,"FOI_highstreet"
"OSM_shopping",145.03159,-37.80633,"FOI_highstreet"
"OSM_shopping",145.13655,-38.15362,"FOI_highstreet"
"OSM_shopping",144.38884,-38.1687,"FOI_highstreet"
"OSM_shopping",145.02668,-37.8996,"FOI_highstreet"
"OSM_shopping",144.65057,-37.72902,"FOI_highstreet"
"OSM_shopping",145.00448,-37.90596,"FOI_highstreet"
"OSM_shopping",145.00189,-37.9057,"FOI_highstreet"
"OSM_shopping",144.99057,-37.79973,"FOI_highstreet"
"OSM_shopping",144.98767,-37.79656,"FOI_highstreet"
"OSM_shopping",144.99482,-37.81793,"FOI_highstreet"
"OSM_shopping",144.99252,-37.81668,"FOI_highstreet"
"OSM_shopping",144.99544,-37.81811,"FOI_highstreet"
"OSM_shopping",144.99966,-37.8164,"FOI_highstreet"
"OSM_shopping",145.13383,-37.84878,"FOI_highstreet"
"OSM_shopping",144.74502,-37.8685,"FOI_highstreet"
"OSM_shopping",144.99473,-37.81742,"FOI_highstreet"
"OSM_shopping",144.99741,-37.81831,"FOI_highstreet"
"OSM_shopping",144.99482,-37.81735,"FOI_highstreet"
"OSM_shopping",144.49875,-37.96302,"FOI_highstreet"
"OSM_shopping",144.65163,-38.11504,"FOI_highstreet"
"OSM_shopping",144.65333,-38.11523,"FOI_highstreet"
"OSM_shopping",145.04121,-37.88866,"FOI_highstreet"
"OSM_shopping",145.11223,-37.85748,"FOI_highstreet"
"OSM_shopping",145.02096,-37.65337,"FOI_highstreet"
"OSM_shopping",145.013,-37.68365,"FOI_highstreet"
"OSM_shopping",145.16367,-37.83535,"FOI_highstreet"
"OSM_shopping",144.97809,-37.77933,"FOI_highstreet"
"OSM_shopping",145.01886,-37.6539,"FOI_highstreet"
"OSM_shopping",145.18401,-37.83731,"FOI_highstreet"
"OSM_shopping",144.9987,-37.77166,"FOI_highstreet"
"OSM_shopping",144.96511,-37.81917,"FOI_highstreet"
"OSM_shopping",144.96841,-37.82062,"FOI_highstreet"
"OSM_shopping",144.39683,-37.83081,"FOI_highstreet"
"OSM_shopping",144.39683,-37.83081,"FOI_highstreet"
"OSM_shopping",144.97178,-37.80829,"FOI_highstreet"
"OSM_shopping",144.97197,-37.80872,"FOI_highstreet"
"OSM_shopping",144.96905,-37.81533,"FOI_highstreet"
"OSM_shopping",145.14043,-37.92145,"FOI_highstreet"
"OSM_shopping",145.10246,-37.91105,"FOI_highstreet"
"OSM_shopping",145.10244,-37.91108,"FOI_highstreet"
"OSM_shopping",144.94192,-37.82078,"FOI_highstreet"
"OSM_shopping",144.96497,-37.81165,"FOI_highstreet"
"OSM_shopping",144.92874,-37.73926,"FOI_highstreet"
"OSM_shopping",145.51492,-37.65412,"FOI_highstreet"
"OSM_shopping",144.34725,-38.13718,"FOI_highstreet"
"OSM_shopping",144.36091,-38.14761,"FOI_highstreet"
"OSM_shopping",144.36095,-38.14752,"FOI_highstreet"
"OSM_shopping",144.36263,-38.148,"FOI_highstreet"
"OSM_shopping",145.09479,-37.85015,"FOI_highstreet"
"OSM_shopping",144.96632,-37.74375,"FOI_highstreet"
"OSM_shopping",145.07082,-37.82296,"FOI_highstreet"
"OSM_shopping",144.92169,-37.76818,"FOI_highstreet"
"OSM_shopping",144.85609,-37.78041,"FOI_highstreet"
"OSM_shopping",144.66285,-37.89947,"FOI_highstreet"
"OSM_shopping",144.69257,-37.83674,"FOI_highstreet"
"OSM_shopping",144.9235,-37.76686,"FOI_highstreet"
"OSM_shopping",144.9968,-37.77957,"FOI_highstreet"
"OSM_shopping",144.79657,-37.73546,"FOI_highstreet"
"OSM_shopping",144.35518,-38.15161,"FOI_highstreet"
"OSM_shopping",144.97202,-37.77617,"FOI_highstreet"
"OSM_shopping",145.08955,-38.18513,"FOI_highstreet"
"OSM_shopping",145.0363,-37.82049,"FOI_highstreet"
"OSM_shopping",145.03648,-37.81989,"FOI_highstreet"
"OSM_shopping",145.03698,-37.81942,"FOI_highstreet"
"OSM_shopping",145.03667,-37.8192,"FOI_highstreet"
"OSM_shopping",145.03657,-37.81977,"FOI_highstreet"
"OSM_shopping",145.12955,-37.7571,"FOI_highstreet"
"OSM_shopping",145.92721,-38.07073,"FOI_highstreet"
"OSM_shopping",144.42895,-37.73045,"FOI_highstreet"
"OSM_shopping",145.00968,-37.84106,"FOI_highstreet"
"OSM_shopping",145.16665,-38.15304,"FOI_highstreet"
"OSM_shopping",145.05184,-37.79866,"FOI_highstreet"
"OSM_shopping",144.25412,-37.91095,"FOI_highstreet"
"OSM_shopping",145.04876,-37.77571,"FOI_highstreet"
"OSM_shopping",144.35869,-38.14595,"FOI_highstreet"
"OSM_shopping",145.03641,-37.82158,"FOI_highstreet"
"OSM_shopping",145.12173,-37.81934,"FOI_highstreet"
"OSM_shopping",145.1248,-37.81981,"FOI_highstreet"
"OSM_shopping",144.96918,-37.73685,"FOI_highstreet"
"OSM_shopping",144.72915,-37.5803,"FOI_highstreet"
"OSM_shopping",144.72908,-37.58045,"FOI_highstreet"
"OSM_shopping",144.72872,-37.58096,"FOI_highstreet"
"OSM_shopping",144.96598,-37.80211,"FOI_highstreet"
"OSM_shopping",145.02358,-38.38228,"FOI_highstreet"
"OSM_shopping",144.97587,-37.81522,"FOI_highstreet"
"OSM_shopping",144.90766,-38.35542,"FOI_highstreet"
"OSM_shopping",144.90272,-37.75554,"FOI_highstreet"
"OSM_shopping",144.95521,-37.54067,"FOI_highstreet"
"OSM_shopping",144.88986,-37.7742,"FOI_highstreet"
"OSM_shopping",144.86107,-37.71397,"FOI_highstreet"
"OSM_shopping",145.2504,-38.10765,"FOI_highstreet"
"OSM_shopping",145.14762,-37.83161,"FOI_highstreet"
"OSM_shopping",145.13288,-37.98342,"FOI_highstreet"
"OSM_shopping",144.75319,-37.89565,"FOI_highstreet"
"OSM_shopping",145.17704,-38.22398,"FOI_highstreet"
"OSM_shopping",145.05094,-37.91492,"FOI_highstreet"
"OSM_shopping",145.05137,-37.9164,"FOI_highstreet"
"OSM_shopping",145.05049,-37.91476,"FOI_highstreet"
"OSM_shopping",144.95962,-37.76948,"FOI_highstreet"
"OSM_shopping",145.10489,-37.82109,"FOI_highstreet"
"OSM_shopping",144.9725,-37.76641,"FOI_highstreet"
"OSM_shopping",145.01173,-37.96534,"FOI_highstreet"
"OSM_shopping",144.96166,-37.76776,"FOI_highstreet"
"OSM_shopping",145.23552,-37.79479,"FOI_highstreet"
"OSM_shopping",144.95043,-37.2923,"FOI_highstreet"
"OSM_shopping",144.95082,-37.29203,"FOI_highstreet"
"OSM_shopping",144.95032,-37.29048,"FOI_highstreet"
"OSM_shopping",145.20648,-37.7473,"FOI_highstreet"
"OSM_shopping",145.16028,-37.67402,"FOI_highstreet"
"OSM_shopping",145.15934,-37.67474,"FOI_highstreet"
"OSM_shopping",145.04388,-37.75698,"FOI_highstreet"
"OSM_shopping",145.04438,-37.75958,"FOI_highstreet"
"OSM_shopping",145.15212,-37.67286,"FOI_highstreet"
"OSM_shopping",145.0421,-37.7692,"FOI_highstreet"
"OSM_shopping",145.05078,-37.77707,"FOI_highstreet"
"OSM_shopping",144.57068,-38.17244,"FOI_highstreet"
"OSM_shopping",144.57045,-38.17207,"FOI_highstreet"
"OSM_shopping",145.00905,-37.81938,"FOI_highstreet"
"OSM_shopping",145.14098,-38.1136,"FOI_highstreet"
"OSM_shopping",145.15636,-38.1123,"FOI_highstreet"
"OSM_shopping",144.89766,-37.85782,"FOI_highstreet"
"OSM_shopping",144.89774,-37.85824,"FOI_highstreet"
"OSM_shopping",144.89792,-37.85736,"FOI_highstreet"
"OSM_shopping",144.97765,-37.86768,"FOI_highstreet"
"OSM_shopping",145.34631,-38.04558,"FOI_highstreet"
"OSM_shopping",144.69395,-37.83196,"FOI_highstreet"
"OSM_shopping",144.77522,-37.69821,"FOI_highstreet"
"OSM_shopping",144.77571,-37.69799,"FOI_highstreet"
"OSM_shopping",144.77581,-37.69813,"FOI_highstreet"
"OSM_shopping",144.77626,-37.69879,"FOI_highstreet"
"OSM_shopping",144.9672,-37.81789,"FOI_highstreet"
"OSM_shopping",144.96713,-37.81791,"FOI_highstreet"
"OSM_shopping",145.21355,-37.81878,"FOI_highstreet"
"OSM_shopping",144.91875,-37.73502,"FOI_highstreet"
"OSM_shopping",145.2441,-37.83022,"FOI_highstreet"
"OSM_shopping",145.28113,-37.79715,"FOI_highstreet"
"OSM_shopping",145.28109,-37.79725,"FOI_highstreet"
"OSM_shopping",145.28104,-37.79742,"FOI_highstreet"
"OSM_shopping",145.12713,-38.10282,"FOI_highstreet"
"OSM_shopping",145.31305,-37.75772,"FOI_highstreet"
"OSM_shopping",145.22841,-37.81232,"FOI_highstreet"
"OSM_shopping",145.22903,-37.81182,"FOI_highstreet"
"OSM_shopping",144.35652,-38.07459,"FOI_highstreet"
"OSM_shopping",145.30537,-38.01933,"FOI_highstreet"
"OSM_shopping",145.30551,-38.01926,"FOI_highstreet"
"OSM_shopping",145.26718,-37.84122,"FOI_highstreet"
"OSM_shopping",144.36333,-38.14717,"FOI_highstreet"
"OSM_shopping",144.36319,-38.14701,"FOI_highstreet"
"OSM_shopping",144.8729,-37.84573,"FOI_highstreet"
"OSM_shopping",145.45897,-37.77821,"FOI_highstreet"
"OSM_shopping",145.16881,-37.76279,"FOI_highstreet"
"OSM_shopping",144.96657,-37.74237,"FOI_highstreet"
"OSM_shopping",145.27268,-37.88199,"FOI_highstreet"
"OSM_shopping",144.96332,-37.75888,"FOI_highstreet"
"OSM_shopping",145.05614,-37.95871,"FOI_highstreet"
"OSM_shopping",145.05576,-37.9588,"FOI_highstreet"
"OSM_shopping",145.05492,-37.95812,"FOI_highstreet"
"OSM_shopping",145.05533,-37.95835,"FOI_highstreet"
"OSM_shopping",145.05557,-37.95847,"FOI_highstreet"
"OSM_shopping",145.35253,-37.75728,"FOI_highstreet"
"OSM_shopping",145.35108,-37.75798,"FOI_highstreet"
"OSM_shopping",145.35259,-37.75795,"FOI_highstreet"
"OSM_shopping",145.4278,-37.78019,"FOI_highstreet"
"OSM_shopping",144.9585,-37.81682,"FOI_highstreet"
"OSM_shopping",144.95736,-37.81713,"FOI_highstreet"
"OSM_shopping",145.04827,-37.72107,"FOI_highstreet"
"OSM_shopping",145.05153,-37.72086,"FOI_highstreet"
"OSM_shopping",145.04651,-37.72061,"FOI_highstreet"
"OSM_shopping",145.22912,-37.81566,"FOI_highstreet"
"OSM_shopping",144.34219,-38.1109,"FOI_highstreet"
"OSM_shopping",144.99772,-37.87676,"FOI_highstreet"
"OSM_shopping",144.3551,-38.19861,"FOI_highstreet"
"OSM_shopping",144.32081,-38.3073,"FOI_highstreet"
"OSM_shopping",145.02661,-37.35862,"FOI_highstreet"
"admin facility",144.82931,-37.77747,"FOI_highstreet"
"admin facility",143.56239,-37.68664,"FOI_highstreet"
"admin facility",144.90066,-37.80468,"FOI_highstreet"
"admin facility",144.95752,-37.81325,"FOI_highstreet"
"commercial facility",145.8646,-38.20125,"FOI_highstreet"
"admin facility",146.15677,-38.20807,"FOI_highstreet"
"admin facility",144.41037,-37.96273,"FOI_highstreet"
"admin facility",145.19643,-37.89676,"FOI_highstreet"
"admin facility",145.0149,-37.40244,"FOI_highstreet"
"commercial facility",144.35586,-38.1588,"FOI_highstreet"
"admin facility",145.16137,-37.82455,"FOI_highstreet"
"commercial facility",143.99243,-38.23935,"FOI_highstreet"
"commercial facility",144.36009,-38.14424,"FOI_highstreet"
"admin facility",144.47221,-37.22278,"FOI_highstreet"
"admin facility",144.65903,-38.26776,"FOI_highstreet"
"admin facility",146.39451,-38.23643,"FOI_highstreet"
"admin facility",145.16399,-37.88286,"FOI_highstreet"
"admin facility",144.96649,-37.81462,"FOI_highstreet"
"admin facility",143.8563,-37.56316,"FOI_highstreet"
"admin facility",145.41134,-37.82563,"FOI_highstreet"
"admin facility",144.96123,-37.8077,"FOI_highstreet"
"admin facility",144.90478,-37.86286,"FOI_highstreet"
"admin facility",145.41137,-37.82543,"FOI_highstreet"
"admin facility",145.41022,-37.82551,"FOI_highstreet"
"admin facility",145.41133,-37.82592,"FOI_highstreet"
"admin facility",144.83084,-37.86365,"FOI_highstreet"
"admin facility",144.30717,-37.47028,"FOI_highstreet"
"admin facility",144.31652,-38.32611,"FOI_highstreet"
"admin facility",145.5902,-38.60761,"FOI_highstreet"
"admin facility",146.0624,-38.20394,"FOI_highstreet"
"admin facility",144.4383,-37.67577,"FOI_highstreet"
"admin facility",145.90985,-37.23263,"FOI_highstreet"
"admin facility",145.11624,-38.14702,"FOI_highstreet"
"commercial facility",144.97006,-37.81031,"FOI_highstreet"
"admin facility",143.59265,-38.3399,"FOI_highstreet"
"admin facility",144.14197,-37.34406,"FOI_highstreet"
"admin facility",143.67488,-38.75924,"FOI_highstreet"
"admin facility",144.22899,-37.60162,"FOI_highstreet"
"admin facility",144.96444,-37.81394,"FOI_highstreet"
"admin facility",144.58289,-37.68357,"FOI_highstreet"
"admin facility",145.42545,-37.21107,"FOI_highstreet"
"admin facility",145.58974,-38.60265,"FOI_highstreet"
"admin facility",145.7481,-37.51029,"FOI_highstreet"
"admin facility",144.65721,-37.90536,"FOI_highstreet"
"admin facility",145.04744,-37.95245,"FOI_highstreet"
"admin facility",145.28425,-38.11347,"FOI_highstreet"
"admin facility",144.77945,-37.78414,"FOI_highstreet"
"admin facility",144.74551,-37.78123,"FOI_highstreet"
"admin facility",145.01876,-37.68338,"FOI_highstreet"
"admin facility",144.1422,-37.34302,"FOI_highstreet"
"admin facility",144.36131,-38.14545,"FOI_highstreet"
"admin facility",145.11856,-37.51056,"FOI_highstreet"
"admin facility",145.46539,-38.487,"FOI_highstreet"
"admin facility",145.24798,-38.45658,"FOI_highstreet"
"admin facility",143.85828,-37.56042,"FOI_highstreet"
"admin facility",145.14372,-37.91194,"FOI_highstreet"
"admin facility",144.4533,-37.24738,"FOI_highstreet"
"admin facility",145.02326,-37.64675,"FOI_highstreet"
"admin facility",144.36042,-38.08402,"FOI_highstreet"
"commercial facility",145.49387,-37.93589,"FOI_highstreet"
"admin facility",143.58528,-38.3431,"FOI_highstreet"
"admin facility",144.91869,-37.68279,"FOI_highstreet"
"admin facility",145.07991,-37.64992,"FOI_highstreet"
"admin facility",143.73806,-37.04778,"FOI_highstreet"
"admin facility",145.12383,-37.81711,"FOI_highstreet"
"admin facility",144.91475,-37.68229,"FOI_highstreet"
"admin facility",145.06762,-37.75656,"FOI_highstreet"
"admin facility",145.00785,-37.71381,"FOI_highstreet"
"admin facility",144.95869,-37.8131,"FOI_highstreet"
"admin facility",143.84184,-37.60175,"FOI_highstreet"
"admin facility",144.98644,-37.80343,"FOI_highstreet"
"admin facility",144.95804,-37.77102,"FOI_highstreet"
"admin facility",145.05836,-37.72547,"FOI_highstreet"
"admin facility",144.95153,-37.81427,"FOI_highstreet"
"admin facility",145.06814,-37.6455,"FOI_highstreet"
"admin facility",145.1896,-37.82387,"FOI_highstreet"
"admin facility",146.53828,-38.19834,"FOI_highstreet"
"admin facility",145.92647,-38.16215,"FOI_highstreet"
"admin facility",145.94479,-38.47568,"FOI_highstreet"
"commercial facility",145.07779,-37.77209,"FOI_highstreet"
"commercial facility",144.96804,-37.798,"FOI_highstreet"
"admin facility",143.73744,-37.04571,"FOI_highstreet"
"commercial facility",144.74044,-38.33876,"FOI_highstreet"
"admin facility",143.85776,-37.55949,"FOI_highstreet"
"admin facility",144.35571,-38.14723,"FOI_highstreet"
"admin facility",145.12539,-37.50866,"FOI_highstreet"
"admin facility",145.22639,-37.81385,"FOI_highstreet"
"admin facility",144.14441,-37.342,"FOI_highstreet"
"admin facility",144.91241,-38.35414,"FOI_highstreet"
"admin facility",144.35721,-38.1471,"FOI_highstreet"
"admin facility",144.66126,-38.26775,"FOI_highstreet"
"admin facility",144.8954,-37.77487,"FOI_highstreet"
"admin facility",145.1971,-37.79691,"FOI_highstreet"
"admin facility",144.17293,-38.0506,"FOI_highstreet"
"admin facility",145.72766,-38.63363,"FOI_highstreet"
"commercial facility",145.44135,-37.93445,"FOI_highstreet"
"commercial facility",144.99661,-38.32957,"FOI_highstreet"
"commercial facility",144.97095,-37.72305,"FOI_highstreet"
"admin facility",145.1164,-38.05084,"FOI_highstreet"
"admin facility",144.21878,-37.06431,"FOI_highstreet"
"admin facility",145.52987,-38.40691,"FOI_highstreet"
"admin facility",145.2125,-37.98842,"FOI_highstreet"
"admin facility",144.23938,-37.0793,"FOI_highstreet"
"admin facility",145.85969,-38.13531,"FOI_highstreet"
"admin facility",145.71036,-37.19074,"FOI_highstreet"
"commercial facility",144.97975,-37.82407,"FOI_highstreet"
"admin facility",145.08434,-37.6512,"FOI_highstreet"
"admin facility",145.1222,-38.14202,"FOI_highstreet"
"admin facility",143.88334,-37.56547,"FOI_highstreet"
"admin facility",144.57016,-38.172,"FOI_highstreet"
"admin facility",144.52209,-38.26631,"FOI_highstreet"
"admin facility",144.36531,-38.14661,"FOI_highstreet"
"admin facility",144.34374,-38.17489,"FOI_highstreet"
"admin facility",144.75248,-37.82848,"FOI_highstreet"
"admin facility",144.95072,-37.81241,"FOI_highstreet"
"admin facility",144.35284,-37.9777,"FOI_highstreet"
"admin facility",145.33816,-38.49973,"FOI_highstreet"
"commercial facility",144.83115,-37.86393,"FOI_highstreet"
"admin facility",144.74236,-37.78187,"FOI_highstreet"
"commercial facility",144.38375,-38.15164,"FOI_highstreet"
"admin facility",143.66425,-38.75899,"FOI_highstreet"
"admin facility",144.41106,-38.02215,"FOI_highstreet"
"admin facility",144.58564,-37.48303,"FOI_highstreet"
"commercial facility",144.9761,-37.86416,"FOI_highstreet"
"admin facility",145.33073,-37.90376,"FOI_highstreet"
"admin facility",144.66242,-37.90047,"FOI_highstreet"
"admin facility",144.96987,-37.7411,"FOI_highstreet"
"admin facility",143.59253,-38.33744,"FOI_highstreet"
"admin facility",144.9932,-37.84962,"FOI_highstreet"
"commercial facility",144.96871,-37.7977,"FOI_highstreet"
"admin facility",143.89263,-37.62335,"FOI_highstreet"
"admin facility",145.12469,-37.81909,"FOI_highstreet"
"admin facility",144.95676,-37.81919,"FOI_highstreet"
"commercial facility",144.96802,-37.82008,"FOI_highstreet"
"admin facility",144.95589,-37.81243,"FOI_highstreet"
"commercial facility",144.96742,-37.81504,"FOI_highstreet"
"commercial facility",144.99191,-37.85804,"FOI_highstreet"
"admin facility",144.73425,-37.58035,"FOI_highstreet"
"admin facility",145.02983,-37.85627,"FOI_highstreet"
"admin facility",145.03658,-38.21759,"FOI_highstreet"
"admin facility",144.79259,-37.65962,"FOI_highstreet"
"commercial facility",144.96677,-37.81072,"FOI_highstreet"
"commercial facility",144.98678,-37.79975,"FOI_highstreet"
"commercial facility",144.97047,-37.79228,"FOI_highstreet"
"commercial facility",144.98094,-37.86686,"FOI_highstreet"
"admin facility",144.5878,-37.68255,"FOI_highstreet"
"commercial facility",144.21972,-37.06637,"FOI_highstreet"
"admin facility",145.04897,-37.20301,"FOI_highstreet"
"commercial facility",144.96655,-37.82698,"FOI_highstreet"
"commercial facility",144.97243,-37.81401,"FOI_highstreet"
"commercial facility",144.37217,-38.15255,"FOI_highstreet"
"admin facility",146.39746,-37.10894,"FOI_highstreet"
"admin facility",145.08886,-37.89838,"FOI_highstreet"
"admin facility",145.19477,-38.30827,"FOI_highstreet"
"admin facility",145.70774,-37.1899,"FOI_highstreet"
"commercial facility",144.36104,-38.14998,"FOI_highstreet"
"admin facility",145.30861,-37.89324,"FOI_highstreet"
"admin facility",146.39902,-37.11033,"FOI_highstreet"
"admin facility",144.94667,-37.7773,"FOI_highstreet"
"admin facility",144.91534,-37.83995,"FOI_highstreet"
"admin facility",145.21685,-37.98468,"FOI_highstreet"
"admin facility",143.74052,-37.05081,"FOI_highstreet"
"commercial facility",144.34985,-38.14551,"FOI_highstreet"
"admin facility",145.24247,-37.80815,"FOI_highstreet"
"admin facility",144.35587,-38.07532,"FOI_highstreet"
"commercial facility",144.96851,-37.82125,"FOI_highstreet"
"commercial facility",144.96845,-37.82142,"FOI_highstreet"
"commercial facility",144.96837,-37.82164,"FOI_highstreet"
"admin facility",145.01719,-37.95959,"FOI_highstreet"
"admin facility",145.10207,-38.0249,"FOI_highstreet"
"commercial facility",145.03593,-37.82315,"FOI_highstreet"
"commercial facility",144.9676,-37.82402,"FOI_highstreet"
"commercial facility",144.96821,-37.82411,"FOI_highstreet"
"admin facility",144.96475,-37.82458,"FOI_highstreet"
"admin facility",144.52898,-37.35456,"FOI_highstreet"
"admin facility",144.74331,-37.35012,"FOI_highstreet"
"admin facility",145.01742,-37.40353,"FOI_highstreet"
"admin facility",145.59096,-38.60801,"FOI_highstreet"
"admin facility",143.89405,-37.62463,"FOI_highstreet"
"commercial facility",144.99891,-37.91104,"FOI_highstreet"
"admin facility",145.07596,-38.41607,"FOI_highstreet"
"commercial facility",144.96965,-37.81102,"FOI_highstreet"
"admin facility",144.97443,-37.81319,"FOI_highstreet"
"admin facility",144.96584,-37.81325,"FOI_highstreet"
"admin facility",145.93364,-38.15877,"FOI_highstreet"
"admin facility",144.43635,-37.67592,"FOI_highstreet"
"admin facility",143.85999,-37.56401,"FOI_highstreet"
"admin facility",144.91568,-37.68284,"FOI_highstreet"
"admin facility",144.2191,-37.06434,"FOI_highstreet"
"admin facility",144.9583,-37.81265,"FOI_highstreet"
"admin facility",145.21249,-37.98842,"FOI_highstreet"
"admin facility",144.95607,-38.33768,"FOI_highstreet"
"admin facility",145.12578,-38.13879,"FOI_highstreet"
"admin facility",144.35679,-38.14511,"FOI_highstreet"
"admin facility",145.07112,-37.75791,"FOI_highstreet"
"admin facility",145.82461,-38.4346,"FOI_highstreet"
"admin facility",143.73636,-37.04648,"FOI_highstreet"
"admin facility",144.95686,-37.81334,"FOI_highstreet"
"admin facility",144.95885,-37.81349,"FOI_highstreet"
"admin facility",146.26017,-38.17753,"FOI_highstreet"
"admin facility",144.92432,-37.76439,"FOI_highstreet"
"admin facility",145.00492,-37.73905,"FOI_highstreet"
"admin facility",145.22699,-37.81252,"FOI_highstreet"
"commercial facility",144.96787,-37.81579,"FOI_highstreet"
"commercial facility",144.9695,-37.8165,"FOI_highstreet"
"admin facility",144.8306,-37.77873,"FOI_highstreet"
"admin facility",144.66384,-37.90243,"FOI_highstreet"
"admin facility",144.96731,-37.81784,"FOI_highstreet"
"admin facility",145.59024,-38.60765,"FOI_highstreet"
"admin facility",145.04757,-37.9525,"FOI_highstreet"
"admin facility",145.04743,-37.95258,"FOI_highstreet"
"admin facility",145.21652,-37.98991,"FOI_highstreet"
"admin facility",144.95783,-37.81414,"FOI_highstreet"
"admin facility",146.39378,-38.23718,"FOI_highstreet"
"admin facility",144.45212,-37.24723,"FOI_highstreet"
"admin facility",145.12271,-38.1469,"FOI_highstreet"
"admin facility",145.05895,-37.83437,"FOI_highstreet"
"admin facility",144.45327,-37.24738,"FOI_highstreet"
"admin facility",145.02258,-37.88031,"FOI_highstreet"
"commercial facility",144.9677,-37.79893,"FOI_highstreet"
"admin facility",144.87867,-37.66083,"FOI_highstreet"
"commercial facility",144.97234,-37.81073,"FOI_highstreet"
"admin facility",144.96477,-37.82475,"FOI_highstreet"
"commercial facility",145.24327,-37.80855,"FOI_highstreet"
"commercial facility",145.85682,-38.1379,"FOI_highstreet"
"admin facility",143.84655,-37.60098,"FOI_highstreet"
"admin facility",143.82059,-37.59188,"FOI_highstreet"
"commercial facility",144.34347,-38.16113,"FOI_highstreet"
"admin facility",146.26486,-37.84097,"FOI_highstreet"
"admin facility",144.4223,-37.65354,"FOI_highstreet"
"admin facility",144.7464,-37.79293,"FOI_highstreet"
"admin facility",144.67087,-37.89744,"FOI_highstreet"
"admin facility",146.52446,-38.19357,"FOI_highstreet"
"admin facility",145.35338,-37.75971,"FOI_highstreet"
"admin facility",144.92502,-37.76412,"FOI_highstreet"
"admin facility",145.0453,-37.76578,"FOI_highstreet"
"admin facility",145.46998,-38.07353,"FOI_highstreet"
"commercial facility",144.82411,-37.6391,"FOI_highstreet"
"commercial facility",144.97606,-37.86759,"FOI_highstreet"
"admin facility",144.98903,-37.86867,"FOI_highstreet"
"admin facility",145.24534,-37.87122,"FOI_highstreet"
"admin facility",145.10629,-37.70392,"FOI_highstreet"
"admin facility",145.10632,-37.70396,"FOI_highstreet"
"admin facility",144.83133,-37.71675,"FOI_highstreet"
"admin facility",145.59364,-38.60364,"FOI_highstreet"
"admin facility",145.69536,-37.40676,"FOI_highstreet"
"admin facility",145.06409,-37.98469,"FOI_highstreet"
"admin facility",143.6693,-38.75448,"FOI_highstreet"
"admin facility",145.31008,-38.46118,"FOI_highstreet"
"admin facility",144.34798,-38.14114,"FOI_highstreet"
"admin facility",145.03646,-38.21777,"FOI_highstreet"
"admin facility",145.05749,-37.96622,"FOI_highstreet"
"admin facility",144.96678,-37.81415,"FOI_highstreet"
"commercial facility",145.03181,-37.80665,"FOI_highstreet"
"commercial facility",144.99313,-37.85838,"FOI_highstreet"
"admin facility",143.97409,-38.53661,"FOI_highstreet"
"admin facility",144.39559,-37.18821,"FOI_highstreet"
"admin facility",144.95205,-37.29422,"FOI_highstreet"
"admin facility",144.21808,-37.06598,"FOI_highstreet"
"admin facility",145.51048,-37.65635,"FOI_highstreet"
"admin facility",145.10026,-37.06379,"FOI_highstreet"
"admin facility",145.21399,-37.98871,"FOI_highstreet"
"commercial facility",145.21473,-37.9878,"FOI_highstreet"
"admin facility",145.84923,-37.18153,"FOI_highstreet"
"admin facility",145.04764,-37.80661,"FOI_highstreet"
"admin facility",144.73587,-37.58007,"FOI_highstreet"
"admin facility",146.26629,-37.84102,"FOI_highstreet"
"admin facility",146.26339,-37.83943,"FOI_highstreet"
"admin facility",145.03674,-38.21611,"FOI_highstreet"
"admin facility",146.13852,-37.30308,"FOI_highstreet"
"admin facility",145.10207,-37.06328,"FOI_highstreet"
"admin facility",144.96782,-37.81766,"FOI_highstreet"
"admin facility",145.18145,-37.81772,"FOI_highstreet"
"admin facility",144.22784,-37.60185,"FOI_highstreet"
"commercial facility",144.9968,-37.8257,"FOI_highstreet"
"admin facility",145.34789,-38.51511,"FOI_highstreet"
"admin facility",145.45178,-38.06029,"FOI_highstreet"
"admin facility",144.74398,-37.78689,"FOI_highstreet"
"admin facility",145.5898,-38.60899,"FOI_highstreet"
"admin facility",143.89383,-37.62395,"FOI_highstreet"
"admin facility",144.8378,-37.78394,"FOI_highstreet"
"admin facility",143.78638,-37.29357,"FOI_highstreet"
"admin facility",144.5296,-37.35387,"FOI_highstreet"
"admin facility",144.35241,-37.98457,"FOI_highstreet"
"admin facility",144.35126,-37.97509,"FOI_highstreet"
"admin facility",144.23955,-37.08158,"FOI_highstreet"
"commercial facility",144.99421,-37.8477,"FOI_highstreet"
"commercial facility",145.03559,-37.82054,"FOI_highstreet"
"commercial facility",144.89072,-37.81599,"FOI_highstreet"
"admin facility",145.02016,-37.65361,"FOI_highstreet"
"admin facility",143.85762,-37.56104,"FOI_highstreet"
"admin facility",144.46284,-37.25404,"FOI_highstreet"
"admin facility",144.98087,-37.75555,"FOI_highstreet"
"admin facility",143.89404,-37.4224,"FOI_highstreet"
"admin facility",146.39397,-38.2379,"FOI_highstreet"
"admin facility",145.91307,-38.55046,"FOI_highstreet"
"admin facility",145.97846,-38.44782,"FOI_highstreet"
"admin facility",145.93418,-38.43979,"FOI_highstreet"
"admin facility",145.89372,-38.34746,"FOI_highstreet"
"admin facility",146.0035,-38.36978,"FOI_highstreet"
"admin facility",145.88263,-38.42683,"FOI_highstreet"
"admin facility",146.08562,-38.48151,"FOI_highstreet"
"admin facility",146.17638,-38.56463,"FOI_highstreet"
"admin facility",145.83255,-38.44395,"FOI_highstreet"
"admin facility",144.96986,-37.74114,"FOI_highstreet"
"commercial facility",144.6829,-37.88349,"FOI_highstreet"
"admin facility",144.95628,-38.33714,"FOI_highstreet"
"admin facility",145.16439,-37.85634,"FOI_highstreet"
"admin facility",144.99826,-37.80381,"FOI_highstreet"
"admin facility",144.96834,-37.85144,"FOI_highstreet"
"admin facility",145.35704,-37.87631,"FOI_highstreet"
"admin facility",144.85578,-37.82548,"FOI_highstreet"
"admin facility",144.85578,-37.82548,"FOI_highstreet"
"admin facility",144.85578,-37.82548,"FOI_highstreet"
"admin facility",144.25427,-37.91087,"FOI_highstreet"
"admin facility",144.19252,-38.39624,"FOI_highstreet"
"admin facility",143.65707,-38.755,"FOI_highstreet"
"admin facility",144.88397,-37.66111,"FOI_highstreet"
"admin facility",144.44201,-37.67659,"FOI_highstreet"
"admin facility",143.85669,-37.55789,"FOI_highstreet"
"admin facility",143.85674,-37.56078,"FOI_highstreet"
"admin facility",143.85472,-37.55886,"FOI_highstreet"
"admin facility",145.12638,-37.9912,"FOI_highstreet"
"admin facility",144.83384,-37.72766,"FOI_highstreet"
"admin facility",145.04264,-37.2065,"FOI_highstreet"
"admin facility",145.0468,-37.7195,"FOI_highstreet"
"admin facility",145.0033,-37.83042,"FOI_highstreet"
"admin facility",144.2315,-37.0767,"FOI_highstreet"
"admin facility",143.58662,-38.34142,"FOI_highstreet"
"admin facility",145.14026,-38.38754,"FOI_highstreet"
"admin facility",145.24861,-38.45852,"FOI_highstreet"
"admin facility",143.9108,-37.4211,"FOI_highstreet"
"admin facility",143.8974,-37.4225,"FOI_highstreet"
"admin facility",145.21266,-37.9849,"FOI_highstreet"
"admin facility",144.13136,-37.34062,"FOI_highstreet"
"admin facility",145.3174,-37.8893,"FOI_highstreet"
"admin facility",145.1717,-38.1154,"FOI_highstreet"
"admin facility",145.3694,-38.3702,"FOI_highstreet"
"admin facility",144.3554,-38.1471,"FOI_highstreet"
"admin facility",144.36835,-38.16599,"FOI_highstreet"
"admin facility",145.5554,-37.9529,"FOI_highstreet"
"admin facility",145.19081,-37.8843,"FOI_highstreet"
"admin facility",145.5275,-37.648,"FOI_highstreet"
"admin facility",145.06196,-37.75224,"FOI_highstreet"
"admin facility",145.06196,-37.75224,"FOI_highstreet"
"admin facility",145.34136,-37.5334,"FOI_highstreet"
"admin facility",144.45279,-37.25044,"FOI_highstreet"
"admin facility",145.84885,-37.18119,"FOI_highstreet"
"admin facility",145.94349,-38.47658,"FOI_highstreet"
"admin facility",143.96859,-38.54084,"FOI_highstreet"
"admin facility",145.30151,-37.97232,"FOI_highstreet"
"admin facility",144.55763,-37.41655,"FOI_highstreet"
"admin facility",146.08593,-37.06489,"FOI_highstreet"
"admin facility",145.5547,-37.6456,"FOI_highstreet"
"admin facility",143.73936,-37.04696,"FOI_highstreet"
"admin facility",145.74397,-37.51479,"FOI_highstreet"
"admin facility",144.9754,-37.8164,"FOI_highstreet"
"admin facility",144.95985,-37.81544,"FOI_highstreet"
"admin facility",144.97114,-37.80946,"FOI_highstreet"
"admin facility",144.95665,-37.81735,"FOI_highstreet"
"admin facility",144.95693,-37.81583,"FOI_highstreet"
"admin facility",144.97077,-37.81406,"FOI_highstreet"
"admin facility",144.92149,-37.80769,"FOI_highstreet"
"admin facility",145.04893,-38.2321,"FOI_highstreet"
"admin facility",145.36892,-37.85239,"FOI_highstreet"
"admin facility",145.9969,-37.8882,"FOI_highstreet"
"admin facility",145.37789,-37.86011,"FOI_highstreet"
"admin facility",144.96259,-37.80122,"FOI_highstreet"
"admin facility",144.95892,-37.78487,"FOI_highstreet"
"admin facility",145.12672,-38.07203,"FOI_highstreet"
"admin facility",145.09778,-37.63751,"FOI_highstreet"
"admin facility",144.75078,-37.9191,"FOI_highstreet"
"admin facility",145.74415,-37.8613,"FOI_highstreet"
"admin facility",145.22712,-37.81371,"FOI_highstreet"
"admin facility",145.37069,-38.52096,"FOI_highstreet"
"admin facility",144.41417,-38.00237,"FOI_highstreet"
"admin facility",145.8767,-37.2598,"FOI_highstreet"
"admin facility",144.82931,-37.77747,"FOI_highstreet"
"admin facility",146.3873,-37.8539,"FOI_highstreet"
"admin facility",145.47452,-37.54118,"FOI_highstreet"
"admin facility",145.50831,-37.56806,"FOI_highstreet"
"admin facility",146.53289,-38.1967,"FOI_highstreet"
"admin facility",145.8922,-37.6682,"FOI_highstreet"
"admin facility",145.2553,-37.41,"FOI_highstreet"
"admin facility",145.7028,-37.75481,"FOI_highstreet"
"admin facility",145.21101,-37.7342,"FOI_highstreet"
"admin facility",144.68987,-37.89849,"FOI_highstreet"
"admin facility",144.67041,-37.93036,"FOI_highstreet"
"admin facility",144.68491,-37.89777,"FOI_highstreet"
"admin facility",145.135,-37.7444,"FOI_highstreet"
"admin facility",145.6211,-38.0961,"FOI_highstreet"
"admin facility",145.356,-37.83285,"FOI_highstreet"
"admin facility",145.2903,-37.6601,"FOI_highstreet"
"admin facility",145.5973,-38.6239,"FOI_highstreet"
"admin facility",145.5295,-37.7769,"FOI_highstreet"
"admin facility",145.01094,-37.79136,"FOI_highstreet"
"admin facility",144.41005,-37.96294,"FOI_highstreet"
"admin facility",144.66654,-38.26588,"FOI_highstreet"
"admin facility",144.96407,-37.7546,"FOI_highstreet"
"admin facility",144.69486,-38.31227,"FOI_highstreet"
"admin facility",145.23044,-38.00068,"FOI_highstreet"
"admin facility",144.93386,-37.79759,"FOI_highstreet"
"admin facility",144.85436,-37.63693,"FOI_highstreet"
"admin facility",144.97156,-37.80932,"FOI_highstreet"
"admin facility",143.75441,-38.47418,"FOI_highstreet"
"admin facility",145.1982,-37.6254,"FOI_highstreet"
"admin facility",145.25402,-37.87422,"FOI_highstreet"
"admin facility",145.70078,-37.1879,"FOI_highstreet"
"admin facility",144.9856,-37.8166,"FOI_highstreet"
"admin facility",145.9449,-38.2414,"FOI_highstreet"
"admin facility",146.38905,-37.95364,"FOI_highstreet"
"admin facility",144.80242,-37.83535,"FOI_highstreet"
"admin facility",144.97407,-37.8153,"FOI_highstreet"
"admin facility",144.97056,-37.81274,"FOI_highstreet"
"admin facility",144.96105,-37.81513,"FOI_highstreet"
"admin facility",144.97405,-37.81417,"FOI_highstreet"
"admin facility",144.95783,-37.81603,"FOI_highstreet"
"admin facility",144.97199,-37.81412,"FOI_highstreet"
"admin facility",144.95959,-37.8133,"FOI_highstreet"
"admin facility",144.66769,-38.26386,"FOI_highstreet"
"admin facility",144.89713,-38.36875,"FOI_highstreet"
"admin facility",145.408,-37.8267,"FOI_highstreet"
"admin facility",146.5351,-38.1979,"FOI_highstreet"
"admin facility",144.69273,-37.88853,"FOI_highstreet"
"admin facility",144.90708,-37.86361,"FOI_highstreet"
"admin facility",144.97339,-37.80844,"FOI_highstreet"
"admin facility",145.34637,-37.75775,"FOI_highstreet"
"admin facility",145.8305,-38.44191,"FOI_highstreet"
"admin facility",145.06995,-37.65049,"FOI_highstreet"
"admin facility",145.93266,-38.48456,"FOI_highstreet"
"admin facility",145.22916,-37.8149,"FOI_highstreet"
"admin facility",145.9028,-38.52067,"FOI_highstreet"
"admin facility",144.94933,-37.8124,"FOI_highstreet"
"admin facility",145.17088,-38.11552,"FOI_highstreet"
"admin facility",145.23925,-38.45196,"FOI_highstreet"
"admin facility",145.00481,-37.74015,"FOI_highstreet"
"admin facility",144.66745,-37.92228,"FOI_highstreet"
"admin facility",144.82289,-37.81607,"FOI_highstreet"
"admin facility",143.84245,-37.52944,"FOI_highstreet"
"admin facility",146.26224,-38.16824,"FOI_highstreet"
"admin facility",144.34276,-38.10176,"FOI_highstreet"
"admin facility",145.15551,-37.91443,"FOI_highstreet"
"commercial facility",144.35728,-38.14767,"FOI_highstreet"
"admin facility",144.92936,-37.64304,"FOI_highstreet"
"admin facility",145.00633,-37.82934,"FOI_highstreet"
"admin facility",144.58354,-37.68922,"FOI_highstreet"
"admin facility",145.1326,-37.78662,"FOI_highstreet"
"admin facility",144.89154,-38.37089,"FOI_highstreet"
"admin facility",145.10844,-37.68905,"FOI_highstreet"
"admin facility",145.00069,-37.81842,"FOI_highstreet"
"admin facility",145.41348,-38.06586,"FOI_highstreet"
"admin facility",144.35774,-38.14527,"FOI_highstreet"
"admin facility",145.16779,-37.84829,"FOI_highstreet"
"admin facility",145.29922,-38.01973,"FOI_highstreet"
"admin facility",145.2396,-38.45187,"FOI_highstreet"
"admin facility",144.32153,-38.3068,"FOI_highstreet"
"commercial facility",145.00074,-37.88377,"FOI_highstreet"
"commercial facility",145.00108,-37.75482,"FOI_highstreet"
"commercial facility",145.35202,-37.90956,"FOI_highstreet"
"commercial facility",144.55693,-38.1899,"FOI_highstreet"
"commercial facility",145.2995,-38.01981,"FOI_highstreet"
"admin facility",145.49083,-37.93607,"FOI_highstreet"
"commercial facility",145.93379,-38.15858,"FOI_highstreet"
"admin facility",145.00082,-37.81849,"FOI_highstreet"
"commercial facility",144.32014,-38.20047,"FOI_highstreet"
"admin facility",143.59053,-38.34059,"FOI_highstreet"
"admin facility",144.34442,-38.11104,"FOI_highstreet"
"admin facility",145.93371,-38.16288,"FOI_highstreet"
"admin facility",144.58724,-37.68374,"FOI_highstreet"
"admin facility",143.81915,-37.53652,"FOI_highstreet"
"admin facility",145.16405,-37.8557,"FOI_highstreet"
"admin facility",145.24705,-38.00575,"FOI_highstreet"
"admin facility",146.39408,-38.23839,"FOI_highstreet"
"admin facility",145.30694,-37.76509,"FOI_highstreet"
